episode,score,mean_score,epsilon,loss
1,0,0.0000,0.9995,
2,0,0.0000,0.9990,
3,0,0.0000,0.9985,
4,0,0.0000,0.9980,
5,0,0.0000,0.9976,
6,0,0.0000,0.9971,2.032055
7,0,0.0000,0.9966,1.892680
8,0,0.0000,0.9961,2.300391
9,0,0.0000,0.9956,1.634344
10,0,0.0000,0.9951,1.091005
11,0,0.0000,0.9946,1.377867
12,0,0.0000,0.9941,2.077165
13,0,0.0000,0.9936,1.109163
14,0,0.0000,0.9931,1.631611
15,0,0.0000,0.9927,1.258262
16,0,0.0000,0.9922,1.408928
17,0,0.0000,0.9917,0.790486
18,0,0.0000,0.9912,0.435990
19,0,0.0000,0.9907,0.659333
20,0,0.0000,0.9902,0.684865
21,0,0.0000,0.9897,0.333126
22,0,0.0000,0.9892,0.475268
23,0,0.0000,0.9887,0.289761
24,0,0.0000,0.9882,0.316823
25,0,0.0000,0.9878,0.209661
26,0,0.0000,0.9873,0.234417
27,0,0.0000,0.9868,0.213299
28,0,0.0000,0.9863,0.252804
29,0,0.0000,0.9858,0.077024
30,0,0.0000,0.9853,0.217531
31,0,0.0000,0.9848,0.091903
32,0,0.0000,0.9843,0.044662
33,0,0.0000,0.9838,0.322064
34,0,0.0000,0.9833,0.241440
35,0,0.0000,0.9829,0.054675
36,0,0.0000,0.9824,0.061265
37,0,0.0000,0.9819,0.044676
38,0,0.0000,0.9814,0.168998
39,0,0.0000,0.9809,0.121492
40,0,0.0000,0.9804,0.128788
41,0,0.0000,0.9799,0.131807
42,0,0.0000,0.9794,0.111999
43,0,0.0000,0.9789,0.143594
44,0,0.0000,0.9784,0.077278
45,0,0.0000,0.9779,0.078103
46,0,0.0000,0.9775,0.074970
47,0,0.0000,0.9770,0.109081
48,0,0.0000,0.9765,0.063664
49,0,0.0000,0.9760,0.190748
50,0,0.0000,0.9755,0.177870
51,0,0.0000,0.9750,0.197478
52,0,0.0000,0.9745,0.114124
53,0,0.0000,0.9740,0.114220
54,0,0.0000,0.9735,0.145334
55,0,0.0000,0.9730,0.124338
56,0,0.0000,0.9726,0.093863
57,0,0.0000,0.9721,0.108330
58,0,0.0000,0.9716,0.067473
59,0,0.0000,0.9711,0.239617
60,0,0.0000,0.9706,0.151717
61,0,0.0000,0.9701,0.073233
62,0,0.0000,0.9696,0.047065
63,0,0.0000,0.9691,0.108257
64,0,0.0000,0.9686,0.122094
65,0,0.0000,0.9681,0.117935
66,0,0.0000,0.9677,0.107347
67,0,0.0000,0.9672,0.060944
68,0,0.0000,0.9667,0.074312
69,0,0.0000,0.9662,0.086325
70,0,0.0000,0.9657,0.103244
71,0,0.0000,0.9652,0.085213
72,0,0.0000,0.9647,0.109170
73,0,0.0000,0.9642,0.068404
74,0,0.0000,0.9637,0.074804
75,0,0.0000,0.9633,0.061615
76,0,0.0000,0.9628,0.071967
77,0,0.0000,0.9623,0.071564
78,0,0.0000,0.9618,0.048745
79,0,0.0000,0.9613,0.062895
80,0,0.0000,0.9608,0.079413
81,0,0.0000,0.9603,0.059635
82,0,0.0000,0.9598,0.061086
83,0,0.0000,0.9593,0.038074
84,0,0.0000,0.9588,0.039680
85,0,0.0000,0.9584,0.046795
86,0,0.0000,0.9579,0.042393
87,0,0.0000,0.9574,0.041618
88,0,0.0000,0.9569,0.044047
89,0,0.0000,0.9564,0.038413
90,0,0.0000,0.9559,0.025322
91,0,0.0000,0.9554,0.052223
92,0,0.0000,0.9549,0.017900
93,0,0.0000,0.9544,0.018255
94,0,0.0000,0.9539,0.015120
95,0,0.0000,0.9535,0.018888
96,0,0.0000,0.9530,0.016895
97,0,0.0000,0.9525,0.017684
98,0,0.0000,0.9520,0.017209
99,0,0.0000,0.9515,0.018374
100,0,0.0000,0.9510,0.015054
101,0,0.0000,0.9505,0.013159
102,0,0.0000,0.9500,0.020259
103,0,0.0000,0.9495,0.009966
104,0,0.0000,0.9490,0.008688
105,0,0.0000,0.9486,0.006111
106,0,0.0000,0.9481,0.007805
107,0,0.0000,0.9476,0.006869
108,0,0.0000,0.9471,0.008394
109,0,0.0000,0.9466,0.009604
110,0,0.0000,0.9461,0.007482
111,0,0.0000,0.9456,0.006938
112,0,0.0000,0.9451,0.005584
113,0,0.0000,0.9446,0.012370
114,0,0.0000,0.9441,0.006831
115,0,0.0000,0.9436,0.010309
116,0,0.0000,0.9432,0.005382
117,0,0.0000,0.9427,0.005832
118,0,0.0000,0.9422,0.007167
119,0,0.0000,0.9417,0.006241
120,0,0.0000,0.9412,0.005184
121,0,0.0000,0.9407,0.008270
122,0,0.0000,0.9402,0.003529
123,0,0.0000,0.9397,0.072145
124,0,0.0000,0.9392,0.012255
125,0,0.0000,0.9387,0.004516
126,0,0.0000,0.9383,0.006765
127,0,0.0000,0.9378,0.005087
128,0,0.0000,0.9373,0.004408
129,0,0.0000,0.9368,0.007138
130,0,0.0000,0.9363,0.002745
131,0,0.0000,0.9358,0.005209
132,0,0.0000,0.9353,0.003245
133,0,0.0000,0.9348,0.006298
134,0,0.0000,0.9343,0.072436
135,0,0.0000,0.9338,0.007656
136,0,0.0000,0.9334,0.004259
137,0,0.0000,0.9329,0.005038
138,0,0.0000,0.9324,0.003360
139,0,0.0000,0.9319,0.003552
140,0,0.0000,0.9314,0.003072
141,0,0.0000,0.9309,0.005297
142,0,0.0000,0.9304,0.004648
143,0,0.0000,0.9299,0.002342
144,0,0.0000,0.9294,0.003018
145,0,0.0000,0.9290,0.019966
146,0,0.0000,0.9285,0.002466
147,0,0.0000,0.9280,0.002437
148,0,0.0000,0.9275,0.002925
149,0,0.0000,0.9270,0.005225
150,0,0.0000,0.9265,0.002300
151,0,0.0000,0.9260,0.003481
152,0,0.0000,0.9255,0.003776
153,0,0.0000,0.9250,0.002130
154,0,0.0000,0.9245,0.003438
155,0,0.0000,0.9241,0.003734
156,0,0.0000,0.9236,0.012150
157,0,0.0000,0.9231,0.004656
158,0,0.0000,0.9226,0.004357
159,0,0.0000,0.9221,0.002988
160,0,0.0000,0.9216,0.002551
161,0,0.0000,0.9211,0.002893
162,0,0.0000,0.9206,0.003468
163,0,0.0000,0.9201,0.002539
164,0,0.0000,0.9196,0.002907
165,0,0.0000,0.9192,0.002341
166,0,0.0000,0.9187,0.024917
167,0,0.0000,0.9182,0.002430
168,0,0.0000,0.9177,0.002699
169,0,0.0000,0.9172,0.004732
170,0,0.0000,0.9167,0.002620
171,0,0.0000,0.9162,0.002316
172,0,0.0000,0.9157,0.001406
173,0,0.0000,0.9152,0.002954
174,0,0.0000,0.9147,0.002755
175,0,0.0000,0.9143,0.002066
176,0,0.0000,0.9138,0.002514
177,0,0.0000,0.9133,0.003265
178,0,0.0000,0.9128,0.003311
179,0,0.0000,0.9123,0.003104
180,0,0.0000,0.9118,0.001855
181,0,0.0000,0.9113,0.002069
182,0,0.0000,0.9108,0.001747
183,0,0.0000,0.9103,0.004290
184,0,0.0000,0.9098,0.002160
185,0,0.0000,0.9093,0.003530
186,0,0.0000,0.9089,0.003801
187,0,0.0000,0.9084,0.002455
188,0,0.0000,0.9079,0.005351
189,0,0.0000,0.9074,0.005117
190,0,0.0000,0.9069,0.004221
191,0,0.0000,0.9064,0.002852
192,0,0.0000,0.9059,0.002323
193,0,0.0000,0.9054,0.001452
194,0,0.0000,0.9049,0.002181
195,0,0.0000,0.9044,0.002347
196,0,0.0000,0.9040,0.002486
197,0,0.0000,0.9035,0.004214
198,0,0.0000,0.9030,0.012120
199,0,0.0000,0.9025,0.004125
200,0,0.0000,0.9020,0.002116
201,0,0.0000,0.9015,0.003682
202,0,0.0000,0.9010,0.002750
203,0,0.0000,0.9005,0.002646
204,0,0.0000,0.9000,0.001456
205,0,0.0000,0.8995,0.002412
206,0,0.0000,0.8991,0.003627
207,0,0.0000,0.8986,0.001311
208,0,0.0000,0.8981,0.080980
209,0,0.0000,0.8976,0.006071
210,0,0.0000,0.8971,0.001741
211,0,0.0000,0.8966,0.004060
212,0,0.0000,0.8961,0.003590
213,0,0.0000,0.8956,0.003677
214,0,0.0000,0.8951,0.003780
215,0,0.0000,0.8946,0.001957
216,0,0.0000,0.8942,0.003719
217,0,0.0000,0.8937,0.004099
218,0,0.0000,0.8932,0.003405
219,0,0.0000,0.8927,0.007980
220,0,0.0000,0.8922,0.002125
221,0,0.0000,0.8917,0.004577
222,0,0.0000,0.8912,0.009049
223,0,0.0000,0.8907,0.002962
224,0,0.0000,0.8902,0.002499
225,0,0.0000,0.8898,0.003175
226,0,0.0000,0.8893,0.011282
227,0,0.0000,0.8888,0.005613
228,0,0.0000,0.8883,0.003244
229,0,0.0000,0.8878,0.029442
230,0,0.0000,0.8873,0.007916
231,0,0.0000,0.8868,0.001950
232,0,0.0000,0.8863,0.004358
233,0,0.0000,0.8858,0.001544
234,0,0.0000,0.8853,0.004086
235,0,0.0000,0.8849,0.003060
236,0,0.0000,0.8844,0.002645
237,0,0.0000,0.8839,0.002905
238,0,0.0000,0.8834,0.001129
239,0,0.0000,0.8829,0.004195
240,0,0.0000,0.8824,0.005590
241,0,0.0000,0.8819,0.006867
242,0,0.0000,0.8814,0.003667
243,0,0.0000,0.8809,0.005381
244,0,0.0000,0.8804,0.001117
245,0,0.0000,0.8800,0.006872
246,0,0.0000,0.8795,0.002188
247,0,0.0000,0.8790,0.005787
248,0,0.0000,0.8785,0.167499
249,0,0.0000,0.8780,0.004075
250,0,0.0000,0.8775,0.035211
251,0,0.0000,0.8770,0.005331
252,0,0.0000,0.8765,0.003955
253,0,0.0000,0.8760,0.003008
254,0,0.0000,0.8755,0.004578
255,0,0.0000,0.8750,0.004308
256,0,0.0000,0.8746,0.001893
257,0,0.0000,0.8741,0.002796
258,0,0.0000,0.8736,0.002563
259,0,0.0000,0.8731,0.001538
260,0,0.0000,0.8726,0.007714
261,0,0.0000,0.8721,0.005283
262,0,0.0000,0.8716,0.002492
263,0,0.0000,0.8711,0.002930
264,0,0.0000,0.8706,0.008788
265,0,0.0000,0.8701,0.003417
266,0,0.0000,0.8697,0.004162
267,0,0.0000,0.8692,0.002294
268,0,0.0000,0.8687,0.024737
269,0,0.0000,0.8682,0.004970
270,0,0.0000,0.8677,0.004944
271,0,0.0000,0.8672,0.006932
272,0,0.0000,0.8667,0.010543
273,0,0.0000,0.8662,0.004796
274,0,0.0000,0.8657,0.003130
275,0,0.0000,0.8652,0.005381
276,0,0.0000,0.8648,0.002838
277,0,0.0000,0.8643,0.004864
278,0,0.0000,0.8638,0.004424
279,0,0.0000,0.8633,0.002176
280,0,0.0000,0.8628,0.007613
281,0,0.0000,0.8623,0.004350
282,0,0.0000,0.8618,0.008664
283,0,0.0000,0.8613,0.004234
284,0,0.0000,0.8608,0.003502
285,0,0.0000,0.8603,0.005961
286,0,0.0000,0.8599,0.003020
287,0,0.0000,0.8594,0.002230
288,0,0.0000,0.8589,0.002000
289,0,0.0000,0.8584,0.002473
290,0,0.0000,0.8579,0.252727
291,0,0.0000,0.8574,0.004601
292,0,0.0000,0.8569,0.024783
293,0,0.0000,0.8564,0.005972
294,0,0.0000,0.8559,0.003838
295,0,0.0000,0.8555,0.002256
296,0,0.0000,0.8550,0.004663
297,0,0.0000,0.8545,0.007403
298,0,0.0000,0.8540,0.002922
299,0,0.0000,0.8535,0.011857
300,0,0.0000,0.8530,0.002473
301,0,0.0000,0.8525,0.002499
302,0,0.0000,0.8520,0.002463
303,0,0.0000,0.8515,0.007593
304,0,0.0000,0.8510,0.008032
305,0,0.0000,0.8506,0.005476
306,0,0.0000,0.8501,0.003907
307,0,0.0000,0.8496,0.006790
308,0,0.0000,0.8491,0.005347
309,0,0.0000,0.8486,0.003162
310,0,0.0000,0.8481,0.003011
311,0,0.0000,0.8476,0.018810
312,0,0.0000,0.8471,0.015046
313,0,0.0000,0.8466,0.016013
314,0,0.0000,0.8461,0.013061
315,0,0.0000,0.8457,0.003288
316,0,0.0000,0.8452,0.326905
317,0,0.0000,0.8447,0.004622
318,0,0.0000,0.8442,0.003373
319,0,0.0000,0.8437,0.001686
320,0,0.0000,0.8432,0.003395
321,0,0.0000,0.8427,0.004117
322,0,0.0000,0.8422,0.002258
323,0,0.0000,0.8417,0.002390
324,0,0.0000,0.8412,0.006303
325,0,0.0000,0.8407,0.001398
326,0,0.0000,0.8403,0.002904
327,0,0.0000,0.8398,0.005783
328,0,0.0000,0.8393,0.003696
329,0,0.0000,0.8388,0.005722
330,0,0.0000,0.8383,0.003290
331,0,0.0000,0.8378,0.003668
332,0,0.0000,0.8373,0.003412
333,0,0.0000,0.8368,0.006763
334,0,0.0000,0.8363,0.022301
335,0,0.0000,0.8358,0.004608
336,0,0.0000,0.8354,0.015959
337,0,0.0000,0.8349,0.007216
338,0,0.0000,0.8344,0.006127
339,0,0.0000,0.8339,0.006907
340,0,0.0000,0.8334,0.009797
341,0,0.0000,0.8329,0.006108
342,0,0.0000,0.8324,0.002690
343,0,0.0000,0.8319,0.005702
344,0,0.0000,0.8314,0.022301
345,0,0.0000,0.8310,0.006905
346,0,0.0000,0.8305,0.003574
347,0,0.0000,0.8300,0.005900
348,0,0.0000,0.8295,0.005343
349,0,0.0000,0.8290,0.003415
350,0,0.0000,0.8285,0.008027
351,0,0.0000,0.8280,0.002577
352,0,0.0000,0.8275,0.004185
353,0,0.0000,0.8270,0.012617
354,0,0.0000,0.8265,0.005423
355,0,0.0000,0.8260,0.009825
356,0,0.0000,0.8256,0.294928
357,0,0.0000,0.8251,0.002959
358,0,0.0000,0.8246,0.006102
359,0,0.0000,0.8241,0.009400
360,0,0.0000,0.8236,0.002584
361,0,0.0000,0.8231,0.004468
362,0,0.0000,0.8226,0.006419
363,0,0.0000,0.8221,0.002330
364,0,0.0000,0.8216,0.007612
365,0,0.0000,0.8212,0.003871
366,0,0.0000,0.8207,0.012411
367,0,0.0000,0.8202,0.005528
368,0,0.0000,0.8197,0.007149
369,0,0.0000,0.8192,0.020729
370,0,0.0000,0.8187,0.008920
371,0,0.0000,0.8182,0.002350
372,0,0.0000,0.8177,0.001506
373,0,0.0000,0.8172,0.006051
374,0,0.0000,0.8167,0.010243
375,0,0.0000,0.8163,0.003906
376,0,0.0000,0.8158,0.004101
377,0,0.0000,0.8153,0.003777
378,0,0.0000,0.8148,0.008237
379,0,0.0000,0.8143,0.426235
380,0,0.0000,0.8138,0.004908
381,0,0.0000,0.8133,0.011314
382,0,0.0000,0.8128,0.017382
383,0,0.0000,0.8123,0.016076
384,0,0.0000,0.8118,0.002982
385,0,0.0000,0.8114,0.002302
386,0,0.0000,0.8109,0.017863
387,0,0.0000,0.8104,0.010602
388,0,0.0000,0.8099,0.003369
389,0,0.0000,0.8094,0.003813
390,0,0.0000,0.8089,0.003490
391,0,0.0000,0.8084,0.008710
392,0,0.0000,0.8079,0.006958
393,0,0.0000,0.8074,0.019435
394,0,0.0000,0.8069,0.018545
395,0,0.0000,0.8065,0.014272
396,0,0.0000,0.8060,0.005822
397,0,0.0000,0.8055,0.011343
398,0,0.0000,0.8050,0.004182
399,0,0.0000,0.8045,0.002659
400,0,0.0000,0.8040,0.003584
401,0,0.0000,0.8035,0.023227
402,0,0.0000,0.8030,0.007127
403,0,0.0000,0.8025,0.009764
404,0,0.0000,0.8020,0.001871
405,0,0.0000,0.8015,0.011662
406,0,0.0000,0.8011,0.002488
407,0,0.0000,0.8006,0.483266
408,0,0.0000,0.8001,0.003112
409,0,0.0000,0.7996,0.006673
410,0,0.0000,0.7991,0.009366
411,0,0.0000,0.7986,0.002633
412,0,0.0000,0.7981,0.006393
413,0,0.0000,0.7976,0.016642
414,0,0.0000,0.7971,0.002384
415,0,0.0000,0.7967,0.002270
416,0,0.0000,0.7962,0.003169
417,0,0.0000,0.7957,0.015154
418,0,0.0000,0.7952,0.007821
419,0,0.0000,0.7947,0.004072
420,0,0.0000,0.7942,0.005805
421,0,0.0000,0.7937,0.028972
422,0,0.0000,0.7932,0.006488
423,0,0.0000,0.7927,0.009116
424,0,0.0000,0.7922,0.003392
425,0,0.0000,0.7917,0.004867
426,0,0.0000,0.7913,0.007711
427,0,0.0000,0.7908,0.020318
428,0,0.0000,0.7903,0.017012
429,0,0.0000,0.7898,0.003081
430,0,0.0000,0.7893,0.017924
431,0,0.0000,0.7888,0.005992
432,0,0.0000,0.7883,0.007301
433,0,0.0000,0.7878,0.008260
434,0,0.0000,0.7873,0.003619
435,0,0.0000,0.7869,0.003156
436,0,0.0000,0.7864,0.003797
437,0,0.0000,0.7859,0.008888
438,0,0.0000,0.7854,0.010081
439,0,0.0000,0.7849,0.004769
440,0,0.0000,0.7844,0.020987
441,0,0.0000,0.7839,0.013474
442,0,0.0000,0.7834,0.030392
443,0,0.0000,0.7829,0.007385
444,0,0.0000,0.7824,0.005868
445,0,0.0000,0.7820,0.023557
446,0,0.0000,0.7815,0.003780
447,0,0.0000,0.7810,0.016878
448,0,0.0000,0.7805,0.011703
449,0,0.0000,0.7800,0.004162
450,0,0.0000,0.7795,0.013429
451,0,0.0000,0.7790,0.003163
452,0,0.0000,0.7785,0.382401
453,0,0.0000,0.7780,0.004088
454,0,0.0000,0.7775,0.021156
455,0,0.0000,0.7771,0.004625
456,0,0.0000,0.7766,0.002932
457,0,0.0000,0.7761,0.014025
458,0,0.0000,0.7756,0.035712
459,0,0.0000,0.7751,0.009847
460,0,0.0000,0.7746,0.006155
461,0,0.0000,0.7741,0.003311
462,0,0.0000,0.7736,0.004804
463,0,0.0000,0.7731,0.007151
464,0,0.0000,0.7726,0.004155
465,0,0.0000,0.7722,0.008045
466,0,0.0000,0.7717,0.012503
467,0,0.0000,0.7712,0.004416
468,0,0.0000,0.7707,0.008866
469,0,0.0000,0.7702,0.013281
470,0,0.0000,0.7697,0.003478
471,0,0.0000,0.7692,0.002763
472,0,0.0000,0.7687,0.010374
473,0,0.0000,0.7682,0.002876
474,0,0.0000,0.7677,0.004477
475,0,0.0000,0.7672,0.006067
476,0,0.0000,0.7668,0.004681
477,0,0.0000,0.7663,0.002367
478,0,0.0000,0.7658,0.024848
479,0,0.0000,0.7653,0.013464
480,0,0.0000,0.7648,0.006724
481,0,0.0000,0.7643,0.005710
482,0,0.0000,0.7638,0.007410
483,0,0.0000,0.7633,0.009549
484,0,0.0000,0.7628,0.009848
485,0,0.0000,0.7623,0.006921
486,0,0.0000,0.7619,0.009955
487,0,0.0000,0.7614,0.003050
488,0,0.0000,0.7609,0.011491
489,0,0.0000,0.7604,0.017147
490,0,0.0000,0.7599,0.008380
491,0,0.0000,0.7594,0.005490
492,0,0.0000,0.7589,0.008698
493,0,0.0000,0.7584,0.015727
494,0,0.0000,0.7579,0.003740
495,0,0.0000,0.7574,0.004327
496,0,0.0000,0.7570,0.009441
497,0,0.0000,0.7565,0.291173
498,0,0.0000,0.7560,0.047574
499,0,0.0000,0.7555,0.005708
500,0,0.0000,0.7550,0.002848
501,0,0.0000,0.7545,0.014678
502,0,0.0000,0.7540,0.004039
503,0,0.0000,0.7535,0.003752
504,0,0.0000,0.7530,0.005605
505,0,0.0000,0.7526,0.006386
506,0,0.0000,0.7521,0.012771
507,0,0.0000,0.7516,0.009356
508,0,0.0000,0.7511,0.042620
509,0,0.0000,0.7506,0.005006
510,0,0.0000,0.7501,0.009492
511,0,0.0000,0.7496,0.012748
512,0,0.0000,0.7491,0.004996
513,0,0.0000,0.7486,0.006907
514,0,0.0000,0.7481,0.009715
515,0,0.0000,0.7476,0.007578
516,0,0.0000,0.7472,0.006789
517,0,0.0000,0.7467,0.005936
518,0,0.0000,0.7462,0.005310
519,0,0.0000,0.7457,0.006795
520,0,0.0000,0.7452,0.013688
521,0,0.0000,0.7447,0.014162
522,0,0.0000,0.7442,0.014314
523,0,0.0000,0.7437,0.008816
524,0,0.0000,0.7432,0.005255
525,0,0.0000,0.7428,0.008504
526,0,0.0000,0.7423,0.008285
527,0,0.0000,0.7418,0.005074
528,0,0.0000,0.7413,0.012289
529,0,0.0000,0.7408,0.008115
530,0,0.0000,0.7403,0.004737
531,0,0.0000,0.7398,0.005515
532,0,0.0000,0.7393,0.011954
533,0,0.0000,0.7388,0.007960
534,0,0.0000,0.7383,0.014874
535,0,0.0000,0.7379,0.005215
536,0,0.0000,0.7374,0.022058
537,0,0.0000,0.7369,0.005976
538,0,0.0000,0.7364,0.010420
539,0,0.0000,0.7359,0.013218
540,0,0.0000,0.7354,0.012911
541,0,0.0000,0.7349,0.020480
542,0,0.0000,0.7344,0.005374
543,0,0.0000,0.7339,0.008055
544,0,0.0000,0.7334,0.009336
545,0,0.0000,0.7329,0.011947
546,0,0.0000,0.7325,0.005176
547,0,0.0000,0.7320,0.009800
548,0,0.0000,0.7315,0.006002
549,0,0.0000,0.7310,0.007641
550,0,0.0000,0.7305,0.010927
551,0,0.0000,0.7300,0.003597
552,0,0.0000,0.7295,0.007884
553,0,0.0000,0.7290,0.010409
554,0,0.0000,0.7285,0.013772
555,0,0.0000,0.7280,0.143952
556,0,0.0000,0.7276,0.005933
557,0,0.0000,0.7271,0.009272
558,0,0.0000,0.7266,0.008505
559,0,0.0000,0.7261,0.010131
560,0,0.0000,0.7256,0.007560
561,0,0.0000,0.7251,0.003638
562,0,0.0000,0.7246,0.009949
563,0,0.0000,0.7241,0.008327
564,0,0.0000,0.7236,0.010181
565,0,0.0000,0.7231,0.013818
566,0,0.0000,0.7227,0.008866
567,0,0.0000,0.7222,0.008429
568,0,0.0000,0.7217,0.132798
569,0,0.0000,0.7212,0.032737
570,0,0.0000,0.7207,0.018498
571,0,0.0000,0.7202,0.012335
572,0,0.0000,0.7197,0.013191
573,0,0.0000,0.7192,0.011161
574,0,0.0000,0.7187,0.015543
575,0,0.0000,0.7183,0.005433
576,0,0.0000,0.7178,0.014845
577,0,0.0000,0.7173,0.012977
578,0,0.0000,0.7168,0.008600
579,0,0.0000,0.7163,0.016442
580,0,0.0000,0.7158,0.012538
581,0,0.0000,0.7153,0.021808
582,0,0.0000,0.7148,0.007391
583,0,0.0000,0.7143,0.004064
584,0,0.0000,0.7138,0.010088
585,0,0.0000,0.7134,0.020575
586,0,0.0000,0.7129,0.007631
587,0,0.0000,0.7124,0.008453
588,0,0.0000,0.7119,0.009068
589,0,0.0000,0.7114,0.007298
590,0,0.0000,0.7109,0.011198
591,0,0.0000,0.7104,0.023987
592,0,0.0000,0.7099,0.095601
593,0,0.0000,0.7094,0.006440
594,0,0.0000,0.7089,0.009958
595,0,0.0000,0.7085,0.021470
596,0,0.0000,0.7080,0.023755
597,0,0.0000,0.7075,0.017147
598,0,0.0000,0.7070,0.006341
599,0,0.0000,0.7065,0.011195
600,0,0.0000,0.7060,0.008340
601,0,0.0000,0.7055,0.005566
602,0,0.0000,0.7050,0.012265
603,0,0.0000,0.7045,0.007243
604,0,0.0000,0.7040,0.010990
605,0,0.0000,0.7036,0.014482
606,0,0.0000,0.7031,0.005070
607,0,0.0000,0.7026,0.017223
608,0,0.0000,0.7021,0.012645
609,0,0.0000,0.7016,0.003532
610,0,0.0000,0.7011,0.011008
611,0,0.0000,0.7006,0.008409
612,0,0.0000,0.7001,0.004431
613,0,0.0000,0.6996,0.046715
614,0,0.0000,0.6991,0.007286
615,0,0.0000,0.6986,0.012863
616,0,0.0000,0.6982,0.006788
617,0,0.0000,0.6977,0.006886
618,0,0.0000,0.6972,0.006752
619,0,0.0000,0.6967,0.055412
620,0,0.0000,0.6962,0.015307
621,0,0.0000,0.6957,0.022249
622,0,0.0000,0.6952,0.009964
623,0,0.0000,0.6947,0.005338
624,0,0.0000,0.6942,0.012927
625,0,0.0000,0.6937,0.006240
626,0,0.0000,0.6933,0.005666
627,0,0.0000,0.6928,0.032139
628,0,0.0000,0.6923,0.007474
629,0,0.0000,0.6918,0.013067
630,0,0.0000,0.6913,0.032884
631,0,0.0000,0.6908,0.006807
632,0,0.0000,0.6903,0.010393
633,0,0.0000,0.6898,0.007822
634,0,0.0000,0.6893,0.017165
635,0,0.0000,0.6888,0.009254
636,0,0.0000,0.6884,0.013706
637,0,0.0000,0.6879,0.008097
638,0,0.0000,0.6874,0.015042
639,0,0.0000,0.6869,0.015163
640,0,0.0000,0.6864,0.031012
641,0,0.0000,0.6859,0.007678
642,0,0.0000,0.6854,0.030137
643,0,0.0000,0.6849,0.005857
644,0,0.0000,0.6844,0.007253
645,0,0.0000,0.6840,0.017475
646,0,0.0000,0.6835,0.006115
647,0,0.0000,0.6830,0.012460
648,0,0.0000,0.6825,0.007540
649,0,0.0000,0.6820,0.006185
650,0,0.0000,0.6815,0.009093
651,0,0.0000,0.6810,0.008178
652,0,0.0000,0.6805,0.006654
653,0,0.0000,0.6800,0.008886
654,0,0.0000,0.6795,0.008654
655,0,0.0000,0.6790,0.005260
656,0,0.0000,0.6786,0.005458
657,0,0.0000,0.6781,0.008109
658,0,0.0000,0.6776,0.010066
659,0,0.0000,0.6771,0.004627
660,0,0.0000,0.6766,0.032948
661,0,0.0000,0.6761,0.008695
662,0,0.0000,0.6756,0.005527
663,0,0.0000,0.6751,0.019387
664,0,0.0000,0.6746,0.009228
665,0,0.0000,0.6742,0.012128
666,0,0.0000,0.6737,0.009383
667,0,0.0000,0.6732,0.006395
668,0,0.0000,0.6727,0.006785
669,0,0.0000,0.6722,0.007620
670,0,0.0000,0.6717,0.011476
671,0,0.0000,0.6712,0.007007
672,0,0.0000,0.6707,0.005728
673,0,0.0000,0.6702,0.007929
674,0,0.0000,0.6697,0.008373
675,0,0.0000,0.6693,0.006515
676,0,0.0000,0.6688,0.007148
677,0,0.0000,0.6683,0.008304
678,0,0.0000,0.6678,0.006290
679,0,0.0000,0.6673,0.006450
680,0,0.0000,0.6668,0.009688
681,0,0.0000,0.6663,0.026883
682,0,0.0000,0.6658,0.008714
683,0,0.0000,0.6653,0.004879
684,0,0.0000,0.6648,0.007939
685,0,0.0000,0.6643,0.007263
686,0,0.0000,0.6639,0.019091
687,0,0.0000,0.6634,0.009104
688,0,0.0000,0.6629,0.007962
689,0,0.0000,0.6624,0.007429
690,0,0.0000,0.6619,0.029437
691,0,0.0000,0.6614,0.029527
692,0,0.0000,0.6609,0.005378
693,0,0.0000,0.6604,0.016463
694,0,0.0000,0.6599,0.009261
695,0,0.0000,0.6595,0.008529
696,0,0.0000,0.6590,0.012078
697,0,0.0000,0.6585,0.011827
698,0,0.0000,0.6580,0.006640
699,0,0.0000,0.6575,0.006583
700,0,0.0000,0.6570,0.009875
701,0,0.0000,0.6565,0.008845
702,0,0.0000,0.6560,0.006867
703,0,0.0000,0.6555,0.009125
704,0,0.0000,0.6550,0.008428
705,0,0.0000,0.6545,0.006240
706,0,0.0000,0.6541,0.004614
707,0,0.0000,0.6536,0.010223
708,0,0.0000,0.6531,0.019505
709,0,0.0000,0.6526,0.006085
710,0,0.0000,0.6521,0.034868
711,0,0.0000,0.6516,0.008002
712,0,0.0000,0.6511,0.007833
713,0,0.0000,0.6506,0.013127
714,0,0.0000,0.6501,0.005320
715,0,0.0000,0.6497,0.008658
716,0,0.0000,0.6492,0.012759
717,0,0.0000,0.6487,0.009532
718,0,0.0000,0.6482,0.010450
719,0,0.0000,0.6477,0.026806
720,0,0.0000,0.6472,0.011893
721,0,0.0000,0.6467,0.009432
722,0,0.0000,0.6462,0.008957
723,0,0.0000,0.6457,0.011895
724,0,0.0000,0.6452,0.016901
725,0,0.0000,0.6447,0.022607
726,0,0.0000,0.6443,0.007863
727,0,0.0000,0.6438,0.009495
728,0,0.0000,0.6433,0.011940
729,0,0.0000,0.6428,0.139290
730,0,0.0000,0.6423,0.012947
731,0,0.0000,0.6418,0.015539
732,0,0.0000,0.6413,0.008520
733,0,0.0000,0.6408,0.005559
734,0,0.0000,0.6403,0.008716
735,0,0.0000,0.6399,0.007083
736,0,0.0000,0.6394,0.015529
737,0,0.0000,0.6389,0.006640
738,0,0.0000,0.6384,0.010156
739,0,0.0000,0.6379,0.070773
740,0,0.0000,0.6374,0.014174
741,0,0.0000,0.6369,0.014300
742,0,0.0000,0.6364,0.202532
743,0,0.0000,0.6359,0.023585
744,0,0.0000,0.6354,0.018552
745,0,0.0000,0.6350,0.008171
746,0,0.0000,0.6345,0.008669
747,0,0.0000,0.6340,0.051296
748,0,0.0000,0.6335,0.008162
749,0,0.0000,0.6330,0.009352
750,0,0.0000,0.6325,0.059010
751,0,0.0000,0.6320,0.016344
752,0,0.0000,0.6315,0.008180
753,0,0.0000,0.6310,0.006957
754,0,0.0000,0.6305,0.172166
755,0,0.0000,0.6300,0.007421
756,0,0.0000,0.6296,0.020326
757,0,0.0000,0.6291,0.007779
758,0,0.0000,0.6286,0.008180
759,0,0.0000,0.6281,0.006830
760,0,0.0000,0.6276,0.028998
761,0,0.0000,0.6271,0.019658
762,0,0.0000,0.6266,0.055302
763,0,0.0000,0.6261,0.008493
764,0,0.0000,0.6256,0.017825
765,0,0.0000,0.6251,0.013269
766,0,0.0000,0.6247,0.008974
767,0,0.0000,0.6242,0.010342
768,0,0.0000,0.6237,0.007622
769,0,0.0000,0.6232,0.005544
770,0,0.0000,0.6227,0.015704
771,0,0.0000,0.6222,0.007289
772,0,0.0000,0.6217,0.048950
773,0,0.0000,0.6212,0.008466
774,0,0.0000,0.6207,0.010652
775,0,0.0000,0.6202,0.012086
776,0,0.0000,0.6198,0.017870
777,0,0.0000,0.6193,0.008327
778,0,0.0000,0.6188,0.012508
779,0,0.0000,0.6183,0.161252
780,0,0.0000,0.6178,0.014241
781,0,0.0000,0.6173,0.041699
782,0,0.0000,0.6168,0.008717
783,0,0.0000,0.6163,0.132316
784,0,0.0000,0.6158,0.012681
785,0,0.0000,0.6154,0.021012
786,0,0.0000,0.6149,0.035079
787,0,0.0000,0.6144,0.017165
788,0,0.0000,0.6139,0.019565
789,0,0.0000,0.6134,0.145303
790,0,0.0000,0.6129,0.010734
791,0,0.0000,0.6124,0.007718
792,0,0.0000,0.6119,0.011634
793,0,0.0000,0.6114,0.011120
794,0,0.0000,0.6109,0.041849
795,0,0.0000,0.6104,0.010033
796,0,0.0000,0.6100,0.017209
797,0,0.0000,0.6095,0.016800
798,0,0.0000,0.6090,0.012471
799,0,0.0000,0.6085,0.017857
800,0,0.0000,0.6080,0.012756
801,0,0.0000,0.6075,0.009228
802,0,0.0000,0.6070,0.016277
803,0,0.0000,0.6065,0.014656
804,0,0.0000,0.6060,0.010908
805,0,0.0000,0.6056,0.011155
806,0,0.0000,0.6051,0.030942
807,0,0.0000,0.6046,0.010319
808,0,0.0000,0.6041,0.006812
809,0,0.0000,0.6036,0.063941
810,0,0.0000,0.6031,0.045464
811,0,0.0000,0.6026,0.078835
812,0,0.0000,0.6021,0.036441
813,0,0.0000,0.6016,0.008942
814,0,0.0000,0.6011,0.059687
815,0,0.0000,0.6007,0.018331
816,0,0.0000,0.6002,0.061708
817,0,0.0000,0.5997,0.019979
818,0,0.0000,0.5992,0.328770
819,0,0.0000,0.5987,0.019760
820,0,0.0000,0.5982,0.047253
821,0,0.0000,0.5977,0.010286
822,0,0.0000,0.5972,0.006588
823,0,0.0000,0.5967,0.007977
824,0,0.0000,0.5962,0.017297
825,0,0.0000,0.5958,0.009472
826,0,0.0000,0.5953,0.030707
827,0,0.0000,0.5948,0.028492
828,0,0.0000,0.5943,0.023744
829,0,0.0000,0.5938,0.101511
830,0,0.0000,0.5933,0.012990
831,0,0.0000,0.5928,0.012422
832,0,0.0000,0.5923,0.023475
833,0,0.0000,0.5918,0.013793
834,0,0.0000,0.5913,0.019299
835,0,0.0000,0.5909,0.019547
836,0,0.0000,0.5904,0.054088
837,0,0.0000,0.5899,0.094923
838,0,0.0000,0.5894,0.015014
839,0,0.0000,0.5889,0.031739
840,0,0.0000,0.5884,0.015790
841,0,0.0000,0.5879,0.055653
842,0,0.0000,0.5874,0.026691
843,0,0.0000,0.5869,0.013510
844,0,0.0000,0.5864,0.022885
845,0,0.0000,0.5859,0.018580
846,0,0.0000,0.5855,0.024324
847,0,0.0000,0.5850,0.061361
848,0,0.0000,0.5845,0.009101
849,0,0.0000,0.5840,0.031264
850,0,0.0000,0.5835,0.013449
851,0,0.0000,0.5830,0.010632
852,0,0.0000,0.5825,0.009683
853,0,0.0000,0.5820,0.016349
854,0,0.0000,0.5815,0.014172
855,0,0.0000,0.5811,0.049861
856,0,0.0000,0.5806,0.013464
857,0,0.0000,0.5801,0.029892
858,0,0.0000,0.5796,0.064071
859,0,0.0000,0.5791,0.133182
860,0,0.0000,0.5786,0.025144
861,0,0.0000,0.5781,0.011636
862,0,0.0000,0.5776,0.017006
863,0,0.0000,0.5771,0.012405
864,0,0.0000,0.5766,0.017366
865,0,0.0000,0.5761,0.024013
866,0,0.0000,0.5757,0.088260
867,0,0.0000,0.5752,0.083347
868,0,0.0000,0.5747,0.014479
869,0,0.0000,0.5742,0.022132
870,0,0.0000,0.5737,0.013738
871,0,0.0000,0.5732,0.023050
872,0,0.0000,0.5727,0.018199
873,0,0.0000,0.5722,0.027259
874,0,0.0000,0.5717,0.024120
875,0,0.0000,0.5713,0.019759
876,0,0.0000,0.5708,0.122176
877,0,0.0000,0.5703,0.041594
878,0,0.0000,0.5698,0.015776
879,0,0.0000,0.5693,0.031177
880,0,0.0000,0.5688,0.012944
881,0,0.0000,0.5683,0.026817
882,0,0.0000,0.5678,0.034386
883,0,0.0000,0.5673,0.010305
884,0,0.0000,0.5668,0.013861
885,0,0.0000,0.5664,0.059124
886,0,0.0000,0.5659,0.028675
887,0,0.0000,0.5654,0.011143
888,0,0.0000,0.5649,0.044851
889,0,0.0000,0.5644,0.013480
890,0,0.0000,0.5639,0.017654
891,0,0.0000,0.5634,0.009030
892,0,0.0000,0.5629,0.012325
893,0,0.0000,0.5624,0.036562
894,0,0.0000,0.5619,0.047108
895,0,0.0000,0.5615,0.059015
896,0,0.0000,0.5610,0.047461
897,0,0.0000,0.5605,0.028047
898,0,0.0000,0.5600,0.011827
899,0,0.0000,0.5595,0.008429
900,0,0.0000,0.5590,0.033081
901,0,0.0000,0.5585,0.014272
902,0,0.0000,0.5580,0.021116
903,0,0.0000,0.5575,0.021220
904,0,0.0000,0.5570,0.014512
905,0,0.0000,0.5565,0.149016
906,0,0.0000,0.5561,0.041190
907,0,0.0000,0.5556,0.032699
908,0,0.0000,0.5551,0.017099
909,0,0.0000,0.5546,0.042109
910,0,0.0000,0.5541,0.031107
911,0,0.0000,0.5536,0.016438
912,0,0.0000,0.5531,0.027349
913,0,0.0000,0.5526,0.029341
914,0,0.0000,0.5521,0.191334
915,0,0.0000,0.5516,0.027551
916,0,0.0000,0.5512,0.010813
917,0,0.0000,0.5507,0.043757
918,0,0.0000,0.5502,0.066166
919,0,0.0000,0.5497,0.013013
920,0,0.0000,0.5492,0.019383
921,0,0.0000,0.5487,0.008653
922,0,0.0000,0.5482,0.026541
923,0,0.0000,0.5477,0.147387
924,0,0.0000,0.5472,0.023519
925,0,0.0000,0.5468,0.011534
926,0,0.0000,0.5463,0.012509
927,0,0.0000,0.5458,0.018334
928,0,0.0000,0.5453,0.019186
929,0,0.0000,0.5448,0.012661
930,0,0.0000,0.5443,0.018355
931,0,0.0000,0.5438,0.008488
932,0,0.0000,0.5433,0.011007
933,0,0.0000,0.5428,0.069102
934,0,0.0000,0.5423,0.037357
935,0,0.0000,0.5418,0.013362
936,0,0.0000,0.5414,0.015557
937,0,0.0000,0.5409,0.023246
938,0,0.0000,0.5404,0.015623
939,0,0.0000,0.5399,0.070274
940,0,0.0000,0.5394,0.021820
941,0,0.0000,0.5389,0.023879
942,0,0.0000,0.5384,0.137706
943,0,0.0000,0.5379,0.028389
944,0,0.0000,0.5374,0.094258
945,0,0.0000,0.5370,0.017696
946,0,0.0000,0.5365,0.010832
947,0,0.0000,0.5360,0.034650
948,0,0.0000,0.5355,0.019427
949,0,0.0000,0.5350,0.016983
950,0,0.0000,0.5345,0.017877
951,0,0.0000,0.5340,0.106933
952,0,0.0000,0.5335,0.038504
953,0,0.0000,0.5330,0.038045
954,0,0.0000,0.5325,0.146379
955,0,0.0000,0.5321,0.017599
956,0,0.0000,0.5316,0.028595
957,0,0.0000,0.5311,0.031694
958,0,0.0000,0.5306,0.026730
959,0,0.0000,0.5301,0.047362
960,0,0.0000,0.5296,0.024326
961,0,0.0000,0.5291,0.026667
962,0,0.0000,0.5286,0.026068
963,0,0.0000,0.5281,0.039645
964,0,0.0000,0.5276,0.032499
965,0,0.0000,0.5272,0.027270
966,0,0.0000,0.5267,0.030153
967,0,0.0000,0.5262,0.099889
968,0,0.0000,0.5257,0.027378
969,0,0.0000,0.5252,0.019861
970,0,0.0000,0.5247,0.140279
971,0,0.0000,0.5242,0.023644
972,0,0.0000,0.5237,0.031083
973,0,0.0000,0.5232,0.014899
974,0,0.0000,0.5227,0.019815
975,0,0.0000,0.5222,0.062805
976,0,0.0000,0.5218,0.280159
977,0,0.0000,0.5213,0.015058
978,0,0.0000,0.5208,0.026083
979,0,0.0000,0.5203,0.146179
980,0,0.0000,0.5198,0.036023
981,0,0.0000,0.5193,0.027671
982,0,0.0000,0.5188,0.024818
983,0,0.0000,0.5183,0.045255
984,0,0.0000,0.5178,0.025716
985,0,0.0000,0.5173,0.050238
986,0,0.0000,0.5169,0.027032
987,0,0.0000,0.5164,0.016634
988,0,0.0000,0.5159,0.033177
989,0,0.0000,0.5154,0.223975
990,0,0.0000,0.5149,0.039582
991,0,0.0000,0.5144,0.029116
992,0,0.0000,0.5139,0.022814
993,0,0.0000,0.5134,0.038760
994,0,0.0000,0.5129,0.034740
995,0,0.0000,0.5125,0.064602
996,0,0.0000,0.5120,0.019328
997,0,0.0000,0.5115,0.032153
998,0,0.0000,0.5110,0.017505
999,0,0.0000,0.5105,0.285409
1000,0,0.0000,0.5100,0.016450
1001,0,0.0000,0.5095,0.089038
1002,0,0.0000,0.5090,0.068884
1003,0,0.0000,0.5085,0.029190
1004,0,0.0000,0.5080,0.026353
1005,0,0.0000,0.5076,0.038934
1006,0,0.0000,0.5071,1.865545
1007,0,0.0000,0.5066,0.031616
1008,0,0.0000,0.5061,0.020733
1009,0,0.0000,0.5056,0.103063
1010,0,0.0000,0.5051,0.024261
1011,0,0.0000,0.5046,0.019738
1012,0,0.0000,0.5041,0.021303
1013,0,0.0000,0.5036,0.099727
1014,0,0.0000,0.5031,0.031619
1015,0,0.0000,0.5027,0.116761
1016,0,0.0000,0.5022,0.034291
1017,0,0.0000,0.5017,0.031208
1018,0,0.0000,0.5012,0.194714
1019,0,0.0000,0.5007,0.061861
1020,0,0.0000,0.5002,0.030378
1021,0,0.0000,0.4997,0.026378
1022,0,0.0000,0.4992,0.021440
1023,0,0.0000,0.4987,0.035003
1024,0,0.0000,0.4982,0.206083
1025,0,0.0000,0.4978,0.037576
1026,0,0.0000,0.4973,0.023822
1027,0,0.0000,0.4968,0.085941
1028,0,0.0000,0.4963,0.040363
1029,0,0.0000,0.4958,0.021216
1030,0,0.0000,0.4953,0.057198
1031,0,0.0000,0.4948,0.026390
1032,0,0.0000,0.4943,0.084660
1033,0,0.0000,0.4938,0.074472
1034,0,0.0000,0.4933,0.219510
1035,0,0.0000,0.4929,0.018412
1036,0,0.0000,0.4924,0.034470
1037,0,0.0000,0.4919,0.031086
1038,0,0.0000,0.4914,0.034780
1039,0,0.0000,0.4909,0.024127
1040,0,0.0000,0.4904,0.364954
1041,0,0.0000,0.4899,0.345782
1042,0,0.0000,0.4894,0.024957
1043,0,0.0000,0.4889,0.045516
1044,0,0.0000,0.4884,0.084982
1045,0,0.0000,0.4879,0.075026
1046,0,0.0000,0.4875,0.147750
1047,0,0.0000,0.4870,0.022331
1048,0,0.0000,0.4865,0.036727
1049,0,0.0000,0.4860,0.027701
1050,0,0.0000,0.4855,0.039253
1051,0,0.0000,0.4850,0.040528
1052,0,0.0000,0.4845,0.045459
1053,0,0.0000,0.4840,0.018457
1054,0,0.0000,0.4835,0.053283
1055,0,0.0000,0.4831,0.090376
1056,0,0.0000,0.4826,0.073229
1057,0,0.0000,0.4821,0.118954
1058,0,0.0000,0.4816,0.016833
1059,0,0.0000,0.4811,0.050687
1060,0,0.0000,0.4806,0.055045
1061,0,0.0000,0.4801,0.025453
1062,0,0.0000,0.4796,0.036275
1063,0,0.0000,0.4791,0.024838
1064,0,0.0000,0.4786,0.089769
1065,0,0.0000,0.4782,0.119606
1066,0,0.0000,0.4777,0.044932
1067,0,0.0000,0.4772,0.075613
1068,0,0.0000,0.4767,0.027181
1069,0,0.0000,0.4762,0.016056
1070,0,0.0000,0.4757,0.041857
1071,0,0.0000,0.4752,0.076998
1072,0,0.0000,0.4747,0.020957
1073,0,0.0000,0.4742,0.182263
1074,0,0.0000,0.4737,0.017905
1075,0,0.0000,0.4733,0.079778
1076,0,0.0000,0.4728,0.119795
1077,0,0.0000,0.4723,0.044110
1078,0,0.0000,0.4718,0.020904
1079,0,0.0000,0.4713,0.066278
1080,0,0.0000,0.4708,0.046381
1081,0,0.0000,0.4703,0.028396
1082,0,0.0000,0.4698,0.058411
1083,0,0.0000,0.4693,0.252364
1084,0,0.0000,0.4688,0.041425
1085,0,0.0000,0.4684,0.037632
1086,0,0.0000,0.4679,0.046208
1087,0,0.0000,0.4674,0.104732
1088,0,0.0000,0.4669,0.222591
1089,0,0.0000,0.4664,0.076760
1090,0,0.0000,0.4659,0.125542
1091,0,0.0000,0.4654,0.096219
1092,0,0.0000,0.4649,0.032432
1093,0,0.0000,0.4644,0.025433
1094,0,0.0000,0.4639,0.030926
1095,0,0.0000,0.4635,0.051701
1096,0,0.0000,0.4630,0.027480
1097,0,0.0000,0.4625,0.100487
1098,0,0.0000,0.4620,0.053609
1099,0,0.0000,0.4615,0.053589
1100,0,0.0000,0.4610,0.074286
1101,0,0.0000,0.4605,0.029150
1102,0,0.0000,0.4600,0.088409
1103,0,0.0000,0.4595,0.073442
1104,0,0.0000,0.4590,0.044238
1105,0,0.0000,0.4586,0.057164
1106,0,0.0000,0.4581,0.056561
1107,0,0.0000,0.4576,0.063320
1108,0,0.0000,0.4571,0.071249
1109,0,0.0000,0.4566,0.046867
1110,0,0.0000,0.4561,0.052043
1111,0,0.0000,0.4556,0.077185
1112,0,0.0000,0.4551,0.055406
1113,0,0.0000,0.4546,0.024232
1114,0,0.0000,0.4541,0.038198
1115,0,0.0000,0.4536,0.105928
1116,0,0.0000,0.4532,0.027819
1117,0,0.0000,0.4527,0.035266
1118,0,0.0000,0.4522,0.070132
1119,0,0.0000,0.4517,0.073127
1120,0,0.0000,0.4512,0.143516
1121,0,0.0000,0.4507,0.077736
1122,0,0.0000,0.4502,0.068631
1123,0,0.0000,0.4497,0.030589
1124,0,0.0000,0.4492,0.026725
1125,0,0.0000,0.4487,0.047316
1126,0,0.0000,0.4483,0.052247
1127,0,0.0000,0.4478,0.104777
1128,0,0.0000,0.4473,0.027568
1129,0,0.0000,0.4468,0.150318
1130,0,0.0000,0.4463,0.032460
1131,0,0.0000,0.4458,0.049636
1132,0,0.0000,0.4453,0.116181
1133,0,0.0000,0.4448,0.036624
1134,0,0.0000,0.4443,0.084377
1135,0,0.0000,0.4438,0.071635
1136,0,0.0000,0.4434,0.143449
1137,0,0.0000,0.4429,0.061820
1138,0,0.0000,0.4424,0.050904
1139,0,0.0000,0.4419,0.073257
1140,0,0.0000,0.4414,0.045916
1141,0,0.0000,0.4409,0.047510
1142,0,0.0000,0.4404,0.084976
1143,0,0.0000,0.4399,0.038605
1144,0,0.0000,0.4394,0.125297
1145,0,0.0000,0.4389,0.025724
1146,0,0.0000,0.4385,0.064580
1147,0,0.0000,0.4380,0.077921
1148,0,0.0000,0.4375,0.064080
1149,0,0.0000,0.4370,0.233041
1150,0,0.0000,0.4365,0.061356
1151,0,0.0000,0.4360,0.129033
1152,0,0.0000,0.4355,0.074048
1153,0,0.0000,0.4350,0.030227
1154,0,0.0000,0.4345,0.067556
1155,0,0.0000,0.4341,0.054885
1156,0,0.0000,0.4336,0.079279
1157,0,0.0000,0.4331,0.098232
1158,0,0.0000,0.4326,0.069269
1159,0,0.0000,0.4321,0.028816
1160,0,0.0000,0.4316,1.190374
1161,0,0.0000,0.4311,0.058899
1162,0,0.0000,0.4306,0.052885
1163,0,0.0000,0.4301,0.047863
1164,0,0.0000,0.4296,0.053708
1165,0,0.0000,0.4292,0.051735
1166,0,0.0000,0.4287,0.110146
1167,0,0.0000,0.4282,0.085843
1168,0,0.0000,0.4277,0.129852
1169,0,0.0000,0.4272,0.033094
1170,0,0.0000,0.4267,0.096026
1171,0,0.0000,0.4262,0.031333
1172,0,0.0000,0.4257,0.038786
1173,0,0.0000,0.4252,0.083225
1174,0,0.0000,0.4247,0.035197
1175,0,0.0000,0.4243,0.094641
1176,0,0.0000,0.4238,0.028509
1177,0,0.0000,0.4233,0.076780
1178,0,0.0000,0.4228,0.189136
1179,0,0.0000,0.4223,0.045366
1180,0,0.0000,0.4218,0.069341
1181,0,0.0000,0.4213,0.027177
1182,0,0.0000,0.4208,0.083280
1183,0,0.0000,0.4203,0.042201
1184,0,0.0000,0.4198,0.144491
1185,0,0.0000,0.4194,0.039883
1186,0,0.0000,0.4189,0.036654
1187,0,0.0000,0.4184,0.140392
1188,0,0.0000,0.4179,0.079729
1189,0,0.0000,0.4174,0.048153
1190,0,0.0000,0.4169,0.096206
1191,0,0.0000,0.4164,0.071983
1192,0,0.0000,0.4159,0.071125
1193,0,0.0000,0.4154,0.097134
1194,0,0.0000,0.4149,0.039761
1195,0,0.0000,0.4144,0.074928
1196,0,0.0000,0.4140,0.054599
1197,0,0.0000,0.4135,0.029195
1198,0,0.0000,0.4130,0.119338
1199,0,0.0000,0.4125,0.169487
1200,0,0.0000,0.4120,0.113022
1201,0,0.0000,0.4115,0.161199
1202,0,0.0000,0.4110,0.602945
1203,0,0.0000,0.4105,0.071192
1204,0,0.0000,0.4100,0.080609
1205,0,0.0000,0.4095,0.078532
1206,0,0.0000,0.4091,0.027539
1207,0,0.0000,0.4086,0.044398
1208,0,0.0000,0.4081,0.030554
1209,0,0.0000,0.4076,0.078663
1210,0,0.0000,0.4071,0.103542
1211,0,0.0000,0.4066,0.403052
1212,0,0.0000,0.4061,0.082082
1213,0,0.0000,0.4056,0.092410
1214,0,0.0000,0.4051,0.069311
1215,0,0.0000,0.4046,0.054497
1216,0,0.0000,0.4042,1.494425
1217,0,0.0000,0.4037,0.049971
1218,0,0.0000,0.4032,0.109214
1219,0,0.0000,0.4027,0.144704
1220,0,0.0000,0.4022,0.124545
1221,0,0.0000,0.4017,0.041885
1222,0,0.0000,0.4012,0.184765
1223,0,0.0000,0.4007,0.059294
1224,0,0.0000,0.4002,0.063136
1225,0,0.0000,0.3997,0.172935
1226,0,0.0000,0.3993,3.742518
1227,0,0.0000,0.3988,0.100349
1228,0,0.0000,0.3983,0.129805
1229,0,0.0000,0.3978,0.093723
1230,0,0.0000,0.3973,0.075062
1231,0,0.0000,0.3968,0.053885
1232,0,0.0000,0.3963,0.088514
1233,0,0.0000,0.3958,0.078011
1234,0,0.0000,0.3953,0.087043
1235,0,0.0000,0.3948,0.138434
1236,0,0.0000,0.3944,0.143931
1237,0,0.0000,0.3939,0.049720
1238,0,0.0000,0.3934,0.058042
1239,0,0.0000,0.3929,0.226796
1240,0,0.0000,0.3924,0.050063
1241,0,0.0000,0.3919,4.073067
1242,0,0.0000,0.3914,0.162846
1243,0,0.0000,0.3909,0.024742
1244,0,0.0000,0.3904,0.045971
1245,0,0.0000,0.3899,0.050252
1246,0,0.0000,0.3895,0.097375
1247,0,0.0000,0.3890,0.035679
1248,0,0.0000,0.3885,0.096178
1249,0,0.0000,0.3880,0.096216
1250,0,0.0000,0.3875,0.052285
1251,0,0.0000,0.3870,0.727402
1252,0,0.0000,0.3865,0.078266
1253,0,0.0000,0.3860,0.102887
1254,0,0.0000,0.3855,0.087724
1255,0,0.0000,0.3851,3.498343
1256,0,0.0000,0.3846,0.159093
1257,0,0.0000,0.3841,0.063567
1258,0,0.0000,0.3836,0.045841
1259,0,0.0000,0.3831,0.044973
1260,0,0.0000,0.3826,0.067742
1261,0,0.0000,0.3821,0.102938
1262,0,0.0000,0.3816,0.076158
1263,0,0.0000,0.3811,0.285921
1264,0,0.0000,0.3806,0.153816
1265,0,0.0000,0.3802,0.119485
1266,0,0.0000,0.3797,0.086333
1267,0,0.0000,0.3792,0.117328
1268,0,0.0000,0.3787,0.078583
1269,0,0.0000,0.3782,0.129308
1270,0,0.0000,0.3777,1.484302
1271,0,0.0000,0.3772,0.075307
1272,0,0.0000,0.3767,0.059245
1273,0,0.0000,0.3762,0.079917
1274,0,0.0000,0.3757,0.070193
1275,0,0.0000,0.3753,0.052795
1276,0,0.0000,0.3748,0.058049
1277,0,0.0000,0.3743,0.185250
1278,0,0.0000,0.3738,0.153640
1279,0,0.0000,0.3733,1.557133
1280,0,0.0000,0.3728,0.116545
1281,0,0.0000,0.3723,0.053341
1282,0,0.0000,0.3718,0.046011
1283,0,0.0000,0.3713,0.074190
1284,0,0.0000,0.3708,0.070316
1285,0,0.0000,0.3704,0.284876
1286,0,0.0000,0.3699,0.214855
1287,0,0.0000,0.3694,0.135580
1288,0,0.0000,0.3689,0.050111
1289,0,0.0000,0.3684,0.120156
1290,0,0.0000,0.3679,0.129532
1291,0,0.0000,0.3674,8.555951
1292,0,0.0000,0.3669,0.119829
1293,0,0.0000,0.3664,0.046719
1294,0,0.0000,0.3659,8.155186
1295,0,0.0000,0.3655,0.098541
1296,0,0.0000,0.3650,0.341131
1297,0,0.0000,0.3645,0.088289
1298,0,0.0000,0.3640,0.060431
1299,0,0.0000,0.3635,0.047028
1300,0,0.0000,0.3630,0.064206
1301,0,0.0000,0.3625,0.126288
1302,0,0.0000,0.3620,0.134384
1303,0,0.0000,0.3615,0.239393
1304,0,0.0000,0.3610,0.146974
1305,0,0.0000,0.3606,0.066553
1306,0,0.0000,0.3601,0.056713
1307,0,0.0000,0.3596,0.143110
1308,0,0.0000,0.3591,0.209028
1309,0,0.0000,0.3586,0.062958
1310,0,0.0000,0.3581,0.086869
1311,0,0.0000,0.3576,0.207665
1312,0,0.0000,0.3571,0.076132
1313,0,0.0000,0.3566,0.040497
1314,0,0.0000,0.3561,0.052119
1315,0,0.0000,0.3557,0.222993
1316,0,0.0000,0.3552,0.143762
1317,0,0.0000,0.3547,0.591096
1318,0,0.0000,0.3542,1.362929
1319,0,0.0000,0.3537,0.098843
1320,0,0.0000,0.3532,0.150566
1321,0,0.0000,0.3527,0.092944
1322,0,0.0000,0.3522,7.661437
1323,0,0.0000,0.3517,0.153694
1324,0,0.0000,0.3512,0.080905
1325,0,0.0000,0.3508,2.026750
1326,0,0.0000,0.3503,0.100909
1327,0,0.0000,0.3498,0.090461
1328,0,0.0000,0.3493,0.085435
1329,0,0.0000,0.3488,0.200170
1330,0,0.0000,0.3483,0.078742
1331,0,0.0000,0.3478,0.128301
1332,0,0.0000,0.3473,0.227956
1333,0,0.0000,0.3468,0.156800
1334,0,0.0000,0.3463,0.140047
1335,0,0.0000,0.3458,0.084450
1336,0,0.0000,0.3454,0.073715
1337,0,0.0000,0.3449,0.080308
1338,0,0.0000,0.3444,0.069439
1339,0,0.0000,0.3439,0.106703
1340,0,0.0000,0.3434,0.087228
1341,0,0.0000,0.3429,0.562568
1342,0,0.0000,0.3424,0.085337
1343,0,0.0000,0.3419,0.208241
1344,0,0.0000,0.3414,0.115968
1345,0,0.0000,0.3409,0.166172
1346,0,0.0000,0.3405,0.080749
1347,0,0.0000,0.3400,0.069345
1348,0,0.0000,0.3395,2.449114
1349,0,0.0000,0.3390,0.115540
1350,0,0.0000,0.3385,0.088638
1351,0,0.0000,0.3380,0.283276
1352,0,0.0000,0.3375,0.081733
1353,0,0.0000,0.3370,0.125884
1354,0,0.0000,0.3365,0.150398
1355,0,0.0000,0.3361,0.241430
1356,0,0.0000,0.3356,0.119909
1357,0,0.0000,0.3351,0.078186
1358,0,0.0000,0.3346,0.075516
1359,0,0.0000,0.3341,0.127198
1360,0,0.0000,0.3336,0.083706
1361,0,0.0000,0.3331,0.100226
1362,0,0.0000,0.3326,0.192061
1363,0,0.0000,0.3321,0.074002
1364,0,0.0000,0.3316,0.084137
1365,0,0.0000,0.3312,0.075988
1366,0,0.0000,0.3307,0.323354
1367,0,0.0000,0.3302,0.081866
1368,0,0.0000,0.3297,0.064443
1369,0,0.0000,0.3292,0.077499
1370,0,0.0000,0.3287,0.104092
1371,0,0.0000,0.3282,0.099730
1372,0,0.0000,0.3277,0.119756
1373,0,0.0000,0.3272,0.148493
1374,0,0.0000,0.3267,0.078871
1375,0,0.0000,0.3263,0.121087
1376,0,0.0000,0.3258,0.045303
1377,0,0.0000,0.3253,0.138441
1378,0,0.0000,0.3248,0.154419
1379,0,0.0000,0.3243,0.046950
1380,0,0.0000,0.3238,0.082783
1381,0,0.0000,0.3233,0.068150
1382,0,0.0000,0.3228,0.090791
1383,0,0.0000,0.3223,0.294258
1384,0,0.0000,0.3218,0.183803
1385,0,0.0000,0.3214,0.078987
1386,0,0.0000,0.3209,0.101269
1387,0,0.0000,0.3204,0.069873
1388,0,0.0000,0.3199,0.152602
1389,0,0.0000,0.3194,0.063027
1390,0,0.0000,0.3189,0.086163
1391,0,0.0000,0.3184,0.045556
1392,0,0.0000,0.3179,0.196326
1393,0,0.0000,0.3174,0.085298
1394,0,0.0000,0.3169,0.188514
1395,0,0.0000,0.3165,2.054901
1396,0,0.0000,0.3160,0.167302
1397,0,0.0000,0.3155,0.085948
1398,0,0.0000,0.3150,0.121827
1399,0,0.0000,0.3145,0.371281
1400,0,0.0000,0.3140,0.078071
1401,0,0.0000,0.3135,1.907579
1402,0,0.0000,0.3130,0.107295
1403,0,0.0000,0.3125,0.100136
1404,0,0.0000,0.3120,0.073751
1405,0,0.0000,0.3115,0.201462
1406,0,0.0000,0.3111,0.139932
1407,0,0.0000,0.3106,0.101721
1408,0,0.0000,0.3101,0.108866
1409,0,0.0000,0.3096,0.111353
1410,0,0.0000,0.3091,0.075237
1411,0,0.0000,0.3086,0.109699
1412,0,0.0000,0.3081,0.196804
1413,0,0.0000,0.3076,0.151817
1414,0,0.0000,0.3071,0.133513
1415,0,0.0000,0.3066,0.149276
1416,0,0.0000,0.3062,0.050241
1417,0,0.0000,0.3057,0.547042
1418,0,0.0000,0.3052,0.188647
1419,0,0.0000,0.3047,0.128094
1420,0,0.0000,0.3042,0.088667
1421,0,0.0000,0.3037,0.228688
1422,0,0.0000,0.3032,0.104081
1423,0,0.0000,0.3027,0.756906
1424,0,0.0000,0.3022,0.167478
1425,0,0.0000,0.3017,0.400796
1426,0,0.0000,0.3013,0.087813
1427,0,0.0000,0.3008,0.083671
1428,0,0.0000,0.3003,0.062422
1429,0,0.0000,0.2998,0.139643
1430,0,0.0000,0.2993,0.095620
1431,0,0.0000,0.2988,0.199046
1432,0,0.0000,0.2983,0.082964
1433,0,0.0000,0.2978,0.213426
1434,0,0.0000,0.2973,0.062186
1435,0,0.0000,0.2968,0.112274
1436,0,0.0000,0.2964,0.564864
1437,0,0.0000,0.2959,0.136246
1438,0,0.0000,0.2954,0.130335
1439,0,0.0000,0.2949,0.129891
1440,0,0.0000,0.2944,0.131023
1441,0,0.0000,0.2939,0.100578
1442,0,0.0000,0.2934,0.376268
1443,0,0.0000,0.2929,1.005956
1444,0,0.0000,0.2924,0.144855
1445,0,0.0000,0.2919,0.108786
1446,0,0.0000,0.2915,0.261588
1447,0,0.0000,0.2910,0.211069
1448,0,0.0000,0.2905,0.134125
1449,0,0.0000,0.2900,0.116518
1450,0,0.0000,0.2895,0.313686
1451,0,0.0000,0.2890,0.210153
1452,0,0.0000,0.2885,0.075257
1453,0,0.0000,0.2880,0.151091
1454,0,0.0000,0.2875,0.074958
1455,0,0.0000,0.2871,0.428077
1456,0,0.0000,0.2866,0.144848
1457,0,0.0000,0.2861,0.431775
1458,0,0.0000,0.2856,0.109288
1459,0,0.0000,0.2851,0.671068
1460,0,0.0000,0.2846,0.146801
1461,0,0.0000,0.2841,0.113749
1462,0,0.0000,0.2836,0.215537
1463,0,0.0000,0.2831,1.994211
1464,0,0.0000,0.2826,0.290503
1465,0,0.0000,0.2822,0.111741
1466,0,0.0000,0.2817,0.623158
1467,0,0.0000,0.2812,1.326741
1468,0,0.0000,0.2807,0.156650
1469,0,0.0000,0.2802,0.285383
1470,0,0.0000,0.2797,0.727447
1471,0,0.0000,0.2792,3.628602
1472,0,0.0000,0.2787,0.224325
1473,0,0.0000,0.2782,0.175535
1474,0,0.0000,0.2777,0.306329
1475,0,0.0000,0.2772,0.199829
1476,0,0.0000,0.2768,0.132584
1477,0,0.0000,0.2763,0.142723
1478,0,0.0000,0.2758,0.069756
1479,0,0.0000,0.2753,0.125317
1480,0,0.0000,0.2748,0.506520
1481,0,0.0000,0.2743,0.272640
1482,0,0.0000,0.2738,0.254795
1483,0,0.0000,0.2733,0.164241
1484,0,0.0000,0.2728,0.097716
1485,0,0.0000,0.2723,0.084945
1486,0,0.0000,0.2719,0.083089
1487,0,0.0000,0.2714,0.269494
1488,0,0.0000,0.2709,0.250708
1489,0,0.0000,0.2704,0.199861
1490,0,0.0000,0.2699,0.106275
1491,0,0.0000,0.2694,0.165705
1492,0,0.0000,0.2689,0.159232
1493,0,0.0000,0.2684,0.243074
1494,0,0.0000,0.2679,0.165643
1495,0,0.0000,0.2674,0.088514
1496,0,0.0000,0.2670,0.115447
1497,0,0.0000,0.2665,0.298054
1498,0,0.0000,0.2660,0.188743
1499,0,0.0000,0.2655,0.985219
1500,0,0.0000,0.2650,0.094605
1501,0,0.0000,0.2645,0.315747
1502,0,0.0000,0.2640,0.197058
1503,0,0.0000,0.2635,0.119867
1504,0,0.0000,0.2630,0.085290
1505,0,0.0000,0.2626,0.128906
1506,0,0.0000,0.2621,0.125785
1507,0,0.0000,0.2616,0.147982
1508,0,0.0000,0.2611,0.437066
1509,0,0.0000,0.2606,9.703211
1510,0,0.0000,0.2601,0.074809
1511,0,0.0000,0.2596,0.204051
1512,0,0.0000,0.2591,0.203155
1513,0,0.0000,0.2586,0.595397
1514,0,0.0000,0.2581,0.098390
1515,0,0.0000,0.2577,0.124760
1516,0,0.0000,0.2572,0.175734
1517,0,0.0000,0.2567,0.278170
1518,0,0.0000,0.2562,0.128975
1519,0,0.0000,0.2557,0.106428
1520,0,0.0000,0.2552,0.464416
1521,0,0.0000,0.2547,0.136283
1522,0,0.0000,0.2542,6.017915
1523,0,0.0000,0.2537,0.133670
1524,0,0.0000,0.2532,0.151652
1525,0,0.0000,0.2528,0.131117
1526,0,0.0000,0.2523,0.139613
1527,0,0.0000,0.2518,0.157851
1528,0,0.0000,0.2513,0.162364
1529,0,0.0000,0.2508,0.133708
1530,0,0.0000,0.2503,0.201892
1531,0,0.0000,0.2498,0.251905
1532,0,0.0000,0.2493,0.276572
1533,0,0.0000,0.2488,0.112138
1534,0,0.0000,0.2483,0.296905
1535,0,0.0000,0.2479,0.997427
1536,0,0.0000,0.2474,0.139533
1537,0,0.0000,0.2469,0.247339
1538,0,0.0000,0.2464,0.294791
1539,0,0.0000,0.2459,0.222001
1540,0,0.0000,0.2454,0.162103
1541,0,0.0000,0.2449,0.270460
1542,0,0.0000,0.2444,0.222799
1543,0,0.0000,0.2439,0.080760
1544,0,0.0000,0.2434,0.274014
1545,0,0.0000,0.2429,0.237685
1546,0,0.0000,0.2425,0.111347
1547,0,0.0000,0.2420,0.161666
1548,0,0.0000,0.2415,0.174155
1549,0,0.0000,0.2410,0.210286
1550,0,0.0000,0.2405,0.174946
1551,0,0.0000,0.2400,0.128787
1552,0,0.0000,0.2395,0.238451
1553,0,0.0000,0.2390,1.164085
1554,0,0.0000,0.2385,0.116350
1555,0,0.0000,0.2381,0.157134
1556,0,0.0000,0.2376,0.210059
1557,0,0.0000,0.2371,0.331997
1558,0,0.0000,0.2366,0.292551
1559,0,0.0000,0.2361,0.216643
1560,0,0.0000,0.2356,2.491461
1561,0,0.0000,0.2351,0.176313
1562,0,0.0000,0.2346,0.122293
1563,0,0.0000,0.2341,0.144222
1564,0,0.0000,0.2336,0.258851
1565,0,0.0000,0.2332,0.298841
1566,0,0.0000,0.2327,0.555570
1567,0,0.0000,0.2322,0.192817
1568,0,0.0000,0.2317,0.587927
1569,0,0.0000,0.2312,0.297789
1570,0,0.0000,0.2307,0.116286
1571,0,0.0000,0.2302,0.448223
1572,0,0.0000,0.2297,0.280937
1573,0,0.0000,0.2292,0.176488
1574,0,0.0000,0.2287,0.121485
1575,0,0.0000,0.2283,0.328328
1576,0,0.0000,0.2278,0.355770
1577,0,0.0000,0.2273,0.301399
1578,0,0.0000,0.2268,0.110018
1579,0,0.0000,0.2263,0.124089
1580,0,0.0000,0.2258,0.101725
1581,0,0.0000,0.2253,0.365083
1582,0,0.0000,0.2248,0.909308
1583,0,0.0000,0.2243,0.077571
1584,0,0.0000,0.2238,0.199207
1585,0,0.0000,0.2234,0.137285
1586,0,0.0000,0.2229,0.365104
1587,0,0.0000,0.2224,0.152259
1588,0,0.0000,0.2219,0.152615
1589,0,0.0000,0.2214,0.188969
1590,0,0.0000,0.2209,0.083965
1591,0,0.0000,0.2204,0.228611
1592,0,0.0000,0.2199,0.143832
1593,0,0.0000,0.2194,4.199395
1594,0,0.0000,0.2189,0.341517
1595,0,0.0000,0.2185,0.203875
1596,0,0.0000,0.2180,0.185281
1597,0,0.0000,0.2175,3.050948
1598,0,0.0000,0.2170,0.250528
1599,0,0.0000,0.2165,1.490758
1600,0,0.0000,0.2160,0.179576
1601,0,0.0000,0.2155,0.363876
1602,0,0.0000,0.2150,0.106440
1603,0,0.0000,0.2145,0.073246
1604,0,0.0000,0.2140,0.273125
1605,0,0.0000,0.2136,0.199576
1606,0,0.0000,0.2131,0.478267
1607,0,0.0000,0.2126,0.100751
1608,0,0.0000,0.2121,0.157177
1609,0,0.0000,0.2116,0.234031
1610,0,0.0000,0.2111,0.158931
1611,0,0.0000,0.2106,0.107295
1612,0,0.0000,0.2101,0.146035
1613,0,0.0000,0.2096,0.286925
1614,0,0.0000,0.2091,0.148102
1615,0,0.0000,0.2087,0.218416
1616,0,0.0000,0.2082,0.118049
1617,0,0.0000,0.2077,0.133023
1618,0,0.0000,0.2072,0.234257
1619,0,0.0000,0.2067,0.212016
1620,0,0.0000,0.2062,0.151255
1621,0,0.0000,0.2057,0.159503
1622,0,0.0000,0.2052,2.262082
1623,0,0.0000,0.2047,1.330748
1624,0,0.0000,0.2042,0.126931
1625,0,0.0000,0.2037,0.128056
1626,0,0.0000,0.2033,0.279303
1627,0,0.0000,0.2028,0.113928
1628,0,0.0000,0.2023,0.152236
1629,0,0.0000,0.2018,0.189791
1630,0,0.0000,0.2013,0.201340
1631,0,0.0000,0.2008,0.096543
1632,0,0.0000,0.2003,0.095555
1633,0,0.0000,0.1998,0.474883
1634,0,0.0000,0.1993,0.516182
1635,0,0.0000,0.1988,0.541679
1636,0,0.0000,0.1984,0.164141
1637,0,0.0000,0.1979,0.482907
1638,0,0.0000,0.1974,0.317838
1639,0,0.0000,0.1969,0.727959
1640,0,0.0000,0.1964,0.589842
1641,0,0.0000,0.1959,0.105394
1642,0,0.0000,0.1954,0.144096
1643,0,0.0000,0.1949,0.234089
1644,0,0.0000,0.1944,0.147361
1645,0,0.0000,0.1939,0.223487
1646,0,0.0000,0.1935,0.336637
1647,0,0.0000,0.1930,0.135383
1648,0,0.0000,0.1925,0.198349
1649,0,0.0000,0.1920,0.478670
1650,0,0.0000,0.1915,0.092187
1651,0,0.0000,0.1910,0.157308
1652,0,0.0000,0.1905,0.534480
1653,0,0.0000,0.1900,0.167925
1654,0,0.0000,0.1895,0.226246
1655,0,0.0000,0.1891,0.198992
1656,0,0.0000,0.1886,0.107526
1657,0,0.0000,0.1881,0.240249
1658,0,0.0000,0.1876,0.196078
1659,0,0.0000,0.1871,5.277704
1660,0,0.0000,0.1866,1.365733
1661,0,0.0000,0.1861,0.301791
1662,0,0.0000,0.1856,0.186255
1663,0,0.0000,0.1851,0.277171
1664,0,0.0000,0.1846,0.416889
1665,0,0.0000,0.1842,0.172172
1666,0,0.0000,0.1837,0.215806
1667,0,0.0000,0.1832,0.155126
1668,0,0.0000,0.1827,0.246011
1669,0,0.0000,0.1822,0.395990
1670,0,0.0000,0.1817,0.989141
1671,0,0.0000,0.1812,0.144595
1672,0,0.0000,0.1807,0.224348
1673,0,0.0000,0.1802,0.511804
1674,0,0.0000,0.1797,0.170277
1675,0,0.0000,0.1793,0.485394
1676,0,0.0000,0.1788,0.892570
1677,0,0.0000,0.1783,0.300533
1678,0,0.0000,0.1778,0.257324
1679,0,0.0000,0.1773,0.140432
1680,0,0.0000,0.1768,0.127314
1681,0,0.0000,0.1763,0.315488
1682,0,0.0000,0.1758,0.183736
1683,0,0.0000,0.1753,0.328817
1684,0,0.0000,0.1748,0.255337
1685,0,0.0000,0.1744,0.371712
1686,0,0.0000,0.1739,0.381349
1687,0,0.0000,0.1734,0.318062
1688,0,0.0000,0.1729,0.331907
1689,0,0.0000,0.1724,0.127636
1690,0,0.0000,0.1719,0.255939
1691,0,0.0000,0.1714,0.167629
1692,0,0.0000,0.1709,0.219431
1693,0,0.0000,0.1704,0.231186
1694,0,0.0000,0.1699,0.119848
1695,0,0.0000,0.1694,0.587276
1696,0,0.0000,0.1690,0.216300
1697,0,0.0000,0.1685,0.293194
1698,0,0.0000,0.1680,0.121667
1699,0,0.0000,0.1675,0.281139
1700,0,0.0000,0.1670,0.219111
1701,0,0.0000,0.1665,0.246019
1702,0,0.0000,0.1660,0.192545
1703,0,0.0000,0.1655,0.329516
1704,0,0.0000,0.1650,0.109260
1705,0,0.0000,0.1645,0.382447
1706,0,0.0000,0.1641,0.155441
1707,0,0.0000,0.1636,0.675909
1708,0,0.0000,0.1631,0.241032
1709,0,0.0000,0.1626,0.233361
1710,0,0.0000,0.1621,0.391897
1711,0,0.0000,0.1616,0.161460
1712,0,0.0000,0.1611,0.118438
1713,0,0.0000,0.1606,0.189943
1714,1,0.0006,0.1601,0.177486
1715,0,0.0006,0.1596,4.980252
1716,0,0.0006,0.1592,0.123872
1717,0,0.0006,0.1587,0.173905
1718,0,0.0006,0.1582,0.304003
1719,0,0.0006,0.1577,0.231682
1720,0,0.0006,0.1572,0.196538
1721,0,0.0006,0.1567,1.912988
1722,0,0.0006,0.1562,0.282917
1723,0,0.0006,0.1557,0.125214
1724,0,0.0006,0.1552,0.167694
1725,0,0.0006,0.1547,0.368071
1726,0,0.0006,0.1543,0.321644
1727,0,0.0006,0.1538,0.350144
1728,0,0.0006,0.1533,0.267872
1729,0,0.0006,0.1528,0.271735
1730,0,0.0006,0.1523,0.272272
1731,0,0.0006,0.1518,0.275471
1732,0,0.0006,0.1513,0.204690
1733,0,0.0006,0.1508,0.104302
1734,0,0.0006,0.1503,0.120792
1735,0,0.0006,0.1498,0.104421
1736,0,0.0006,0.1494,0.152397
1737,0,0.0006,0.1489,0.237546
1738,0,0.0006,0.1484,0.108786
1739,0,0.0006,0.1479,0.494296
1740,0,0.0006,0.1474,0.267134
1741,0,0.0006,0.1469,0.207970
1742,0,0.0006,0.1464,0.299041
1743,0,0.0006,0.1459,0.105414
1744,0,0.0006,0.1454,7.979369
1745,0,0.0006,0.1449,0.319546
1746,0,0.0006,0.1445,0.322880
1747,0,0.0006,0.1440,1.724169
1748,0,0.0006,0.1435,0.145484
1749,0,0.0006,0.1430,0.401920
1750,0,0.0006,0.1425,1.329080
1751,0,0.0006,0.1420,0.140188
1752,0,0.0006,0.1415,0.223866
1753,0,0.0006,0.1410,0.165035
1754,0,0.0006,0.1405,0.247851
1755,0,0.0006,0.1401,0.235578
1756,0,0.0006,0.1396,1.012111
1757,0,0.0006,0.1391,0.274797
1758,0,0.0006,0.1386,0.122204
1759,0,0.0006,0.1381,0.116046
1760,0,0.0006,0.1376,0.350689
1761,0,0.0006,0.1371,0.134099
1762,0,0.0006,0.1366,0.469999
1763,0,0.0006,0.1361,0.113477
1764,0,0.0006,0.1356,0.173246
1765,0,0.0006,0.1352,0.249913
1766,0,0.0006,0.1347,0.097407
1767,0,0.0006,0.1342,0.255932
1768,0,0.0006,0.1337,0.240773
1769,0,0.0006,0.1332,0.183424
1770,0,0.0006,0.1327,0.197977
1771,0,0.0006,0.1322,13.855473
1772,0,0.0006,0.1317,0.248770
1773,0,0.0006,0.1312,0.375530
1774,0,0.0006,0.1307,0.243187
1775,0,0.0006,0.1303,0.202555
1776,0,0.0006,0.1298,0.424818
1777,0,0.0006,0.1293,0.258959
1778,0,0.0006,0.1288,0.119132
1779,0,0.0006,0.1283,0.193743
1780,0,0.0006,0.1278,0.408712
1781,0,0.0006,0.1273,0.148135
1782,0,0.0006,0.1268,0.120473
1783,0,0.0006,0.1263,0.677855
1784,0,0.0006,0.1258,0.286784
1785,0,0.0006,0.1254,0.303682
1786,0,0.0006,0.1249,0.227442
1787,0,0.0006,0.1244,0.266355
1788,0,0.0006,0.1239,0.172654
1789,0,0.0006,0.1234,0.189639
1790,0,0.0006,0.1229,0.288920
1791,0,0.0006,0.1224,0.135412
1792,0,0.0006,0.1219,0.271876
1793,0,0.0006,0.1214,1.011710
1794,0,0.0006,0.1209,0.473906
1795,0,0.0006,0.1205,0.189289
1796,0,0.0006,0.1200,0.077358
1797,0,0.0006,0.1195,0.314187
1798,0,0.0006,0.1190,0.217786
1799,0,0.0006,0.1185,0.133581
1800,0,0.0006,0.1180,0.210589
1801,1,0.0011,0.1175,0.467936
1802,0,0.0011,0.1170,0.240923
1803,0,0.0011,0.1165,0.167556
1804,0,0.0011,0.1160,0.235864
1805,0,0.0011,0.1156,0.216786
1806,0,0.0011,0.1151,0.357361
1807,1,0.0017,0.1146,0.185415
1808,1,0.0022,0.1141,0.174842
1809,0,0.0022,0.1136,0.273065
1810,0,0.0022,0.1131,0.180105
1811,0,0.0022,0.1126,0.186519
1812,0,0.0022,0.1121,0.159016
1813,0,0.0022,0.1116,0.244662
1814,1,0.0028,0.1111,0.157234
1815,0,0.0028,0.1107,0.475097
1816,0,0.0028,0.1102,0.194900
1817,0,0.0028,0.1097,0.152096
1818,0,0.0028,0.1092,0.401370
1819,0,0.0027,0.1087,0.298661
1820,0,0.0027,0.1082,0.162902
1821,0,0.0027,0.1077,0.088858
1822,0,0.0027,0.1072,0.155093
1823,0,0.0027,0.1067,0.509063
1824,0,0.0027,0.1062,0.171603
1825,0,0.0027,0.1058,0.165880
1826,1,0.0033,0.1053,1.450719
1827,0,0.0033,0.1048,0.196499
1828,0,0.0033,0.1043,0.162052
1829,0,0.0033,0.1038,0.220703
1830,0,0.0033,0.1033,0.150353
1831,0,0.0033,0.1028,0.145537
1832,0,0.0033,0.1023,0.206189
1833,0,0.0033,0.1018,0.169757
1834,0,0.0033,0.1013,0.095093
1835,0,0.0033,0.1008,0.148396
1836,1,0.0038,0.1004,0.305134
1837,0,0.0038,0.0999,0.871324
1838,0,0.0038,0.0994,0.256158
1839,1,0.0044,0.0989,0.077990
1840,0,0.0043,0.0984,0.297723
1841,0,0.0043,0.0979,0.275848
1842,0,0.0043,0.0974,1.888330
1843,0,0.0043,0.0969,0.656115
1844,0,0.0043,0.0964,0.387045
1845,0,0.0043,0.0959,1.119592
1846,0,0.0043,0.0955,1.536323
1847,0,0.0043,0.0950,0.262004
1848,0,0.0043,0.0945,0.139498
1849,0,0.0043,0.0940,0.445716
1850,0,0.0043,0.0935,0.177317
1851,0,0.0043,0.0930,0.305533
1852,1,0.0049,0.0925,0.256702
1853,0,0.0049,0.0920,0.189370
1854,0,0.0049,0.0915,0.236942
1855,0,0.0049,0.0911,0.206521
1856,1,0.0054,0.0906,0.435505
1857,0,0.0054,0.0901,0.518786
1858,0,0.0054,0.0896,0.269861
1859,0,0.0054,0.0891,0.262935
1860,0,0.0054,0.0886,0.219126
1861,0,0.0054,0.0881,0.177825
1862,1,0.0059,0.0876,0.162271
1863,0,0.0059,0.0871,0.151079
1864,0,0.0059,0.0866,0.160572
1865,1,0.0064,0.0862,0.661695
1866,0,0.0064,0.0857,0.355673
1867,0,0.0064,0.0852,2.977114
1868,0,0.0064,0.0847,0.215049
1869,0,0.0064,0.0842,1.472992
1870,0,0.0064,0.0837,0.333497
1871,0,0.0064,0.0832,0.556316
1872,0,0.0064,0.0827,0.315299
1873,1,0.0069,0.0822,0.221919
1874,0,0.0069,0.0817,0.319205
1875,1,0.0075,0.0813,0.118477
1876,0,0.0075,0.0808,0.169836
1877,1,0.0080,0.0803,0.318059
1878,0,0.0080,0.0798,0.110523
1879,1,0.0085,0.0793,1.363523
1880,1,0.0090,0.0788,0.518966
1881,0,0.0090,0.0783,0.496809
1882,1,0.0096,0.0778,0.177110
1883,1,0.0101,0.0773,0.315097
1884,0,0.0101,0.0768,0.286445
1885,0,0.0101,0.0764,0.193136
1886,0,0.0101,0.0759,0.532990
1887,0,0.0101,0.0754,0.479658
1888,0,0.0101,0.0749,0.146211
1889,0,0.0101,0.0744,0.326036
1890,0,0.0101,0.0739,0.244632
1891,0,0.0100,0.0734,0.316311
1892,3,0.0116,0.0729,0.262717
1893,0,0.0116,0.0724,0.588829
1894,0,0.0116,0.0719,0.249023
1895,0,0.0116,0.0715,0.147065
1896,0,0.0116,0.0710,0.257687
1897,1,0.0121,0.0705,0.162067
1898,1,0.0126,0.0700,0.364447
1899,0,0.0126,0.0695,0.162763
1900,0,0.0126,0.0690,0.248167
1901,1,0.0132,0.0685,0.397552
1902,0,0.0131,0.0680,0.203118
1903,0,0.0131,0.0675,0.918719
1904,1,0.0137,0.0670,0.338511
1905,0,0.0136,0.0665,0.747543
1906,0,0.0136,0.0661,0.152820
1907,0,0.0136,0.0656,0.151510
1908,0,0.0136,0.0651,0.303975
1909,0,0.0136,0.0646,0.318081
1910,0,0.0136,0.0641,0.873897
1911,1,0.0141,0.0636,1.531951
1912,1,0.0146,0.0631,0.174477
1913,0,0.0146,0.0626,0.124778
1914,1,0.0152,0.0621,0.196923
1915,1,0.0157,0.0616,0.230023
1916,0,0.0157,0.0612,0.836470
1917,0,0.0156,0.0607,0.271222
1918,0,0.0156,0.0602,0.752732
1919,0,0.0156,0.0597,0.181855
1920,0,0.0156,0.0592,0.175787
1921,1,0.0161,0.0587,0.122984
1922,1,0.0166,0.0582,0.318612
1923,1,0.0172,0.0577,0.289232
1924,2,0.0182,0.0572,0.176990
1925,1,0.0187,0.0567,8.638591
1926,0,0.0187,0.0563,0.177299
1927,0,0.0187,0.0558,0.194467
1928,0,0.0187,0.0553,0.521940
1929,0,0.0187,0.0548,0.496551
1930,0,0.0187,0.0543,2.113633
1931,0,0.0186,0.0538,0.238733
1932,0,0.0186,0.0533,0.510557
1933,0,0.0186,0.0528,0.331160
1934,0,0.0186,0.0523,0.470465
1935,1,0.0191,0.0518,0.275329
1936,1,0.0196,0.0514,1.539343
1937,1,0.0201,0.0509,0.899958
1938,0,0.0201,0.0504,5.879422
1939,0,0.0201,0.0499,0.266391
1940,1,0.0206,0.0494,0.310347
1941,0,0.0206,0.0489,0.202794
1942,0,0.0206,0.0484,0.227091
1943,0,0.0206,0.0479,4.616155
1944,0,0.0206,0.0474,0.521234
1945,0,0.0206,0.0469,0.246322
1946,0,0.0206,0.0465,0.181304
1947,2,0.0216,0.0460,0.331769
1948,0,0.0216,0.0455,4.437301
1949,1,0.0221,0.0450,0.369144
1950,1,0.0226,0.0445,0.243099
1951,1,0.0231,0.0440,0.163911
1952,1,0.0236,0.0435,5.458509
1953,0,0.0236,0.0430,0.211351
1954,0,0.0235,0.0425,2.709982
1955,0,0.0235,0.0421,0.260774
1956,0,0.0235,0.0416,0.509076
1957,0,0.0235,0.0411,0.365056
1958,0,0.0235,0.0406,0.176732
1959,1,0.0240,0.0401,0.138302
1960,0,0.0240,0.0396,0.324205
1961,0,0.0240,0.0391,0.274501
1962,0,0.0240,0.0386,0.135066
1963,6,0.0270,0.0381,0.810868
1964,0,0.0270,0.0376,0.238989
1965,1,0.0275,0.0372,0.188227
1966,2,0.0285,0.0367,5.269435
1967,1,0.0290,0.0362,1.415208
1968,1,0.0295,0.0357,0.244600
1969,1,0.0300,0.0352,0.305530
1970,2,0.0310,0.0347,0.259861
1971,3,0.0325,0.0342,0.258671
1972,1,0.0330,0.0337,0.299271
1973,0,0.0329,0.0332,0.187546
1974,0,0.0329,0.0327,0.420946
1975,1,0.0334,0.0323,0.364615
1976,2,0.0344,0.0318,0.657940
1977,5,0.0369,0.0313,0.237201
1978,3,0.0384,0.0308,0.168103
1979,1,0.0389,0.0303,0.228134
1980,1,0.0394,0.0298,1.187017
1981,1,0.0399,0.0293,0.364128
1982,3,0.0414,0.0288,0.131223
1983,1,0.0419,0.0283,0.277537
1984,0,0.0418,0.0278,1.631135
1985,2,0.0428,0.0273,0.755989
1986,4,0.0448,0.0269,0.236062
1987,5,0.0473,0.0264,0.680739
1988,2,0.0483,0.0259,0.153792
1989,6,0.0513,0.0254,0.244245
1990,0,0.0513,0.0249,0.317500
1991,3,0.0527,0.0244,0.970647
1992,1,0.0532,0.0239,0.248903
1993,0,0.0532,0.0234,0.352920
1994,1,0.0537,0.0229,1.342410
1995,4,0.0556,0.0224,0.201232
1996,0,0.0556,0.0220,0.626811
1997,6,0.0586,0.0215,0.294134
1998,8,0.0626,0.0210,0.403429
1999,2,0.0635,0.0205,13.528575
2000,3,0.0650,0.0200,0.928675
2001,5,0.0675,0.0200,1.149707
2002,3,0.0689,0.0200,0.631443
2003,3,0.0704,0.0200,0.893993
2004,2,0.0714,0.0200,0.379492
2005,7,0.0748,0.0200,0.183842
2006,3,0.0763,0.0200,0.357654
2007,3,0.0777,0.0200,0.205601
2008,5,0.0802,0.0200,0.951825
2009,0,0.0801,0.0200,1.418694
2010,1,0.0806,0.0200,0.406320
2011,1,0.0811,0.0200,0.732892
2012,1,0.0815,0.0200,0.406683
2013,3,0.0830,0.0200,0.703185
2014,1,0.0834,0.0200,0.405253
2015,1,0.0839,0.0200,0.404611
2016,1,0.0843,0.0200,0.538193
2017,3,0.0858,0.0200,0.427592
2018,3,0.0872,0.0200,0.819012
2019,3,0.0887,0.0200,0.993356
2020,6,0.0916,0.0200,1.245536
2021,10,0.0965,0.0200,0.397811
2022,2,0.0974,0.0200,1.005194
2023,0,0.0974,0.0200,20.188375
2024,5,0.0998,0.0200,0.211834
2025,6,0.1027,0.0200,0.249812
2026,4,0.1046,0.0200,0.571445
2027,4,0.1066,0.0200,0.513945
2028,4,0.1085,0.0200,0.380897
2029,1,0.1089,0.0200,0.284420
2030,6,0.1118,0.0200,0.620302
2031,5,0.1142,0.0200,3.087342
2032,5,0.1166,0.0200,0.427144
2033,0,0.1166,0.0200,0.390735
2034,2,0.1175,0.0200,3.705582
2035,10,0.1224,0.0200,0.953918
2036,0,0.1223,0.0200,0.569168
2037,12,0.1281,0.0200,0.327963
2038,1,0.1286,0.0200,0.877184
2039,1,0.1290,0.0200,1.355347
2040,8,0.1328,0.0200,1.390037
2041,3,0.1342,0.0200,0.543435
2042,1,0.1347,0.0200,0.382370
2043,4,0.1366,0.0200,1.727854
2044,3,0.1380,0.0200,0.390739
2045,0,0.1379,0.0200,0.890987
2046,6,0.1408,0.0200,1.364028
2047,1,0.1412,0.0200,10.644101
2048,1,0.1416,0.0200,0.822930
2049,1,0.1420,0.0200,0.825435
2050,0,0.1420,0.0200,11.286284
2051,2,0.1429,0.0200,0.438021
2052,0,0.1428,0.0200,0.312852
2053,6,0.1456,0.0200,1.067009
2054,3,0.1470,0.0200,0.434545
2055,5,0.1494,0.0200,0.395554
2056,0,0.1493,0.0200,0.389888
2057,1,0.1497,0.0200,1.235362
2058,2,0.1506,0.0200,0.716844
2059,2,0.1515,0.0200,16.721144
2060,3,0.1529,0.0200,0.534000
2061,1,0.1533,0.0200,1.498305
2062,3,0.1547,0.0200,0.512751
2063,1,0.1551,0.0200,0.641442
2064,4,0.1570,0.0200,1.279795
2065,7,0.1603,0.0200,0.584218
2066,7,0.1636,0.0200,0.654709
2067,0,0.1635,0.0200,1.034399
2068,2,0.1644,0.0200,0.897689
2069,0,0.1643,0.0200,0.800495
2070,4,0.1662,0.0200,0.954039
2071,4,0.1680,0.0200,0.609031
2072,1,0.1684,0.0200,0.463710
2073,8,0.1722,0.0200,0.401408
2074,2,0.1731,0.0200,0.775134
2075,1,0.1735,0.0200,1.160909
2076,0,0.1734,0.0200,1.366788
2077,1,0.1738,0.0200,0.819236
2078,1,0.1742,0.0200,1.327259
2079,0,0.1741,0.0200,0.678210
2080,0,0.1740,0.0200,0.477206
2081,3,0.1754,0.0200,0.519693
2082,1,0.1758,0.0200,1.126394
2083,4,0.1776,0.0200,9.137377
2084,1,0.1780,0.0200,0.855813
2085,1,0.1784,0.0200,0.265149
2086,1,0.1788,0.0200,0.743033
2087,1,0.1792,0.0200,0.697004
2088,9,0.1834,0.0200,0.816242
2089,0,0.1833,0.0200,0.705244
2090,1,0.1837,0.0200,0.180803
2091,8,0.1875,0.0200,0.801443
2092,5,0.1898,0.0200,0.363510
2093,5,0.1921,0.0200,0.554186
2094,0,0.1920,0.0200,0.321975
2095,0,0.1919,0.0200,0.192353
2096,4,0.1937,0.0200,0.311210
2097,0,0.1936,0.0200,1.039838
2098,1,0.1940,0.0200,4.373427
2099,2,0.1949,0.0200,0.341913
2100,0,0.1948,0.0200,0.712033
2101,3,0.1961,0.0200,0.280170
2102,3,0.1974,0.0200,0.429877
2103,2,0.1983,0.0200,0.504870
2104,3,0.1996,0.0200,0.351226
2105,0,0.1995,0.0200,0.599389
2106,1,0.1999,0.0200,0.274240
2107,4,0.2017,0.0200,0.488074
2108,2,0.2026,0.0200,0.441046
2109,1,0.2029,0.0200,2.482866
2110,1,0.2033,0.0200,0.323938
2111,4,0.2051,0.0200,0.513156
2112,2,0.2060,0.0200,2.956005
2113,1,0.2063,0.0200,0.247795
2114,0,0.2062,0.0200,0.591896
2115,4,0.2080,0.0200,0.335117
2116,1,0.2084,0.0200,0.303660
2117,1,0.2088,0.0200,0.744829
2118,0,0.2087,0.0200,1.710771
2119,6,0.2114,0.0200,0.465340
2120,2,0.2123,0.0200,0.445798
2121,5,0.2145,0.0200,0.461558
2122,3,0.2158,0.0200,0.206057
2123,1,0.2162,0.0200,0.583685
2124,2,0.2170,0.0200,1.369572
2125,1,0.2174,0.0200,0.399862
2126,1,0.2178,0.0200,0.697235
2127,0,0.2177,0.0200,0.279235
2128,1,0.2180,0.0200,0.674998
2129,4,0.2198,0.0200,10.036876
2130,6,0.2225,0.0200,1.679414
2131,0,0.2224,0.0200,7.791644
2132,0,0.2223,0.0200,0.401005
2133,3,0.2236,0.0200,0.944321
2134,1,0.2240,0.0200,0.746732
2135,2,0.2248,0.0200,0.253863
2136,5,0.2271,0.0200,10.652660
2137,2,0.2279,0.0200,0.390132
2138,3,0.2292,0.0200,0.343233
2139,2,0.2300,0.0200,0.837090
2140,6,0.2327,0.0200,0.310039
2141,0,0.2326,0.0200,0.859751
2142,3,0.2339,0.0200,0.744998
2143,12,0.2394,0.0200,0.382662
2144,9,0.2435,0.0200,0.860680
2145,4,0.2452,0.0200,0.331575
2146,0,0.2451,0.0200,0.284803
2147,0,0.2450,0.0200,0.362281
2148,0,0.2449,0.0200,1.632727
2149,7,0.2480,0.0200,0.168954
2150,4,0.2498,0.0200,0.199523
2151,4,0.2515,0.0200,0.192119
2152,1,0.2519,0.0200,0.269599
2153,0,0.2517,0.0200,0.964322
2154,2,0.2526,0.0200,0.441483
2155,3,0.2538,0.0200,0.246511
2156,0,0.2537,0.0200,15.432406
2157,0,0.2536,0.0200,1.114106
2158,1,0.2539,0.0200,1.278667
2159,1,0.2543,0.0200,0.321163
2160,1,0.2546,0.0200,0.189408
2161,0,0.2545,0.0200,0.198533
2162,0,0.2544,0.0200,0.877900
2163,1,0.2547,0.0200,0.349427
2164,7,0.2579,0.0200,0.331336
2165,0,0.2577,0.0200,0.347371
2166,0,0.2576,0.0200,1.656169
2167,0,0.2575,0.0200,0.497019
2168,4,0.2592,0.0200,0.479200
2169,5,0.2614,0.0200,1.120421
2170,0,0.2613,0.0200,0.977259
2171,0,0.2612,0.0200,0.238297
2172,6,0.2638,0.0200,0.416274
2173,2,0.2646,0.0200,0.777419
2174,3,0.2659,0.0200,0.676011
2175,0,0.2657,0.0200,0.967810
2176,0,0.2656,0.0200,0.509017
2177,0,0.2655,0.0200,0.189598
2178,1,0.2658,0.0200,0.947924
2179,1,0.2662,0.0200,0.472590
2180,6,0.2688,0.0200,0.124560
2181,0,0.2687,0.0200,0.303976
2182,1,0.2690,0.0200,0.808752
2183,1,0.2694,0.0200,0.330557
2184,4,0.2711,0.0200,0.178069
2185,0,0.2709,0.0200,0.389921
